epoch,G03,G06,G07,G08,G11,G13,G16,G19,G21,G23,G25,G27
08 11 15 1 0 0.0000000,"[-0.07355552713076274, 0.3494604641571639]","[0.072320932460328, 0.08201250595351084]","[-0.8160059879223506, 0.4840821738665302]",,,"[-2.988917821459472, -2.6560394780089456]","[-1.4949680286459626, -0.4194213513284921]","[0.25377366387595734, -0.45859644493709006]","[-6.179765881411731, -4.9042616041377185]","[1.5644937763611475, 1.6024175128589073]","[-0.36619109551732754, -0.11343758068978804]",
08 11 15 1 0 30.0000000,"[0.22413522203763325, 0.24580329302698356]","[-0.4500865098709861, -0.2588411702464022]","[-0.24762515525023143, -0.10648084028313565]",,,"[-1.7625407664105293, -2.659213961785038]","[-1.7583390939049424, -0.732688358798623]","[-0.11884614384422698, -0.0033104487384358894]","[-8.078374059312045, -7.135569065995514]","[1.6111036250988642, 2.1330699166903893]","[-0.28034265975778316, -0.6079792555421593]",
08 11 15 1 1 0.0000000,"[0.15960478236277897, 0.5755062812939284]","[-0.00022455869863424738, -0.18828368025521414]","[0.654053317507108, -0.30865012450764584]",,,"[-1.2734358845278617, -2.51635964376231]","[-1.2859499174170197, -1.2812112782150507]","[-0.5816318423176805, -0.35462135753283897]","[-6.524150447361171, -5.215605154819786]","[1.6779191354910532, 2.0576469889531532]","[-0.5418651763660214, -0.9994849290698768]",
08 11 15 1 1 30.0000000,"[0.015444727738698316, 0.27105223778635246]","[-0.2577021849031249, -0.3266769333432116]","[0.47665146191914876, -1.0920612101132672]",,,"[-0.5645258067175742, -2.4769132600476342]","[-1.1783953475765885, -1.6367753211408853]","[-0.402890119018654, 0.06419139423718057]","[-4.967537195794284, -8.463789224810899]","[1.3878394524256388, 1.273416697109739]","[-0.27077417712037777, -1.1079172667115929]",
08 11 15 1 2 0.0000000,"[0.187540436287721, 0.1313465053215621]","[-0.3017683234686652, -0.19327619510392324]","[-0.37799328366915386, -1.3585765991980832]",,,"[-0.536161044053733, -2.393735931937893]","[-1.5157321262173356, -1.7307930056005716]","[-0.024803403081993247, -0.203653744670252]","[-7.795087025873363, -6.2556070985272525]","[1.3408428738514582, 0.8137325337777536]","[-0.10773097615068172, -1.17264445386827]",
08 11 15 1 2 30.0000000,"[0.20516269107659657, -0.22799760457128304]","[-0.5042196419710914, -0.01441478567818777]","[-0.7813939432303111, -1.37131917818139]",,,"[-0.9969631223008033, -3.1780203746010858]","[-1.6190060543827713, -1.3313089225441217]","[0.17815301263084016, 0.26396679201473794]","[-8.611721591465175, -5.554107487387955]","[1.704415754477183, 1.386446281398336]","[-0.3719733570081494, -0.678137379512191]",
08 11 15 1 3 0.0000000,"[-0.28087761799494426, 0.07560781780630332]","[-0.3692419808978835, -0.36205875712136404]","[-1.3752626756827038, -0.9809417907769482]",,,"[-1.5040873227640983, -3.2948429302622873]","[-1.5898175927810372, -0.9578007224947214]","[-0.3348059312130014, 0.17710933902611337]","[-8.557381929270923, -8.014193430729211]","[1.176787273089091, 1.6864175936828056]","[-0.5089805189830563, -0.01807381473481673]",
08 11 15 1 3 30.0000000,"[-0.24190548608700435, 0.1843303555622695]","[-0.4258540776247779, -0.10667845445374624]","[-0.3808759431044261, 0.11409224228312564]",,,"[-2.389053413085639, -3.448865132158001]","[-1.2763267177157105, -1.0602435681968927]","[-0.27398932284365096, -0.159326232286791]","[-4.158722923509776, -5.435706794448197]","[1.1516700247923533, 1.6251329174886147]","[-0.5681584541064999, -0.44727586470544356]",
08 11 15 1 4 0.0000000,"[0.1927136202653249, 0.3615803087130187]","[-0.16191127716253195, 0.3502177463223539]","[-0.2340035269657771, 0.8059068884079654]",,,"[-2.8917923955246803, -3.156182886784275]","[-1.0966656821779908, -0.5961835000663995]","[0.09331728213777146, -0.1522226252282659]","[-6.906484739296138, -5.904427662678063]","[1.3042746792236963, 1.7456754735360542]","[-0.3691859755975506, -0.6833424147218468]",
08 11 15 1 4 30.0000000,"[0.3578320836027463, 0.536889057792723]","[0.05895986588050928, 0.6489280776431166]","[-0.36379539767901103, 1.0165463651840885]",,,"[-2.4364860592409965, -3.8779770748068887]","[-1.3212303983978928, -0.6642527941614389]","[0.024153527555366372, -0.31044409355769553]","[-7.127686621062457, -3.5265904368832706]","[1.5901312987009684, 1.8441312900433937]","[0.058842518522093545, -0.6728667046874763]",
08 11 15 1 5 0.0000000,"[0.2571086381872495, 0.18151448313146812]","[-0.15014217613885794, 0.2846928553034864]","[0.10800740321477253, 0.6709535981838901]",,,"[-2.0577723918482658, -3.468941481535633]","[-1.0400375145487488, -1.0891331497579813]","[-0.8613255575920145, -0.357060230585436]","[-6.794537769071757, -6.703449800796807]","[1.8921440998713175, 1.917004897321264]","[0.15713892240698124, -0.5839975204318764]",
08 11 15 1 5 30.0000000,"[0.29708821525176365, 0.7018959039822219]","[0.00860103399803247, -0.11161689298848287]","[0.4701077063878377, -0.16412435813496518]",,,"[-2.070491322688758, -3.226573170845707]","[-0.72369643477723, -0.8999785397201776]","[-0.18509836054096618, -0.1821717836583654]","[-7.270504326932132, -6.153915107436478]","[1.5411540428797403, 1.8273814758906761]","[-0.13062932233636593, 0.14940330125391466]",
08 11 15 1 6 0.0000000,"[-0.3013034592072169, 0.18287625554949027]","[-0.07281807630012427, -0.5053807629893221]","[-0.07321181694666545, -0.6401498798901837]",,,"[-1.744510629586875, -3.40946361583968]","[-1.2455387654714287, -0.8628500018268823]","[-0.1285254985714952, -0.03264687142024436]","[-6.122532696835696, -7.453780383057892]","[1.4859042624632517, 1.3187946221480766]","[-0.4490056995612881, 0.32751090563833696]",
08 11 15 1 6 30.0000000,"[-0.30296244273583095, 0.18948368374258262]","[-0.24041768728444968, -0.5592645539591707]","[-0.3994472752014796, -0.6414748017365735]",,,"[-1.5149881778284904, -3.6116331682850915]","[-1.2567899542860688, -0.5417370412498712]","[0.0378296866392096, 0.3515677831446131]","[-6.025572986714542, -6.323167339153588]","[1.8496318022410074, 1.6057398161540428]","[-0.6137184266311428, 0.4989040914922951]",
08 11 15 1 7 0.0000000,"[-0.254522172609965, 0.10620209220796806]","[0.13556103588392343, -0.5409042968104281]","[-0.28683557907740276, -0.18974198742459225]",,,"[-1.770522215776145, -2.864483015363415]","[-1.4840155410580338, -0.8467548552900552]","[-0.10958236015091338, 0.14552299001564584]","[-6.362245560996234, -6.125804960913956]","[1.289054528872172, 2.1688987156997124]","[-0.019672772691895712, 0.2336401764303444]",
08 11 15 1 7 30.0000000,"[-0.5191722119847934, 0.20344835165888053]","[-0.05182112573335562, -0.10160648661355154]","[-1.1055419276158016, -0.6802482192094128]",,,"[-1.847783872298896, -1.907229931776722]","[-1.4525474178604783, -0.9853358779102563]","[-0.07967604255924621, -0.3257828720534841]","[-4.839968593232333, -5.4316497894003986]","[1.8421386490265528, 2.6910059890399376]","[-0.30282734970872616, 0.0892160061746834]",
08 11 15 1 8 0.0000000,"[-0.7145303467909495, -0.2454150205478074]","[0.1505261156087121, -0.19308067696789877]","[-0.2368101606766383, -0.11687904937813687]",,,"[-2.259573632292449, -2.0701839343955117]","[-1.547202745359391, -0.3169029865413904]","[0.08311044865598283, -0.5864918150628606]","[-5.101965905539691, -4.598945602960884]","[2.33285203675429, 2.788286774481336]","[-0.11624314527337765, -0.2995251890271904]",
08 11 15 1 8 30.0000000,"[-0.5408162007729213, -0.5168128347024323]","[-0.38740885077665244, -0.30903372007111685]","[-0.004889903465906786, -0.21115607364724087]",,,"[-2.973182985000312, -2.9208034442116815]","[-1.1511183696798981, -0.37194702662527557]","[-0.23678624189148345, -0.5871227600301305]","[-5.202662603370845, -5.838439896889031]","[1.2890115986267725, 2.2872202834735313]","[-0.1612566624147198, -0.26488027237355727]",
08 11 15 1 9 0.0000000,"[-0.4553504268328349, -0.6749652212485673]","[-0.22802440642068778, 0.2492774890114866]","[-0.4518695155779521, -0.13350366397450375]",,,"[-3.649304845742881, -2.153612183158596]","[-1.1817256378941239, -0.7660242829471826]","[-0.336161780419449, -0.4335043348992864]","[-7.0570954842492934, -8.409809038229287]","[1.4166739294926325, 2.273230894530813]","[0.21466436345751072, 0.1405577186495064]",
08 11 15 1 9 30.0000000,"[-0.06339911917845409, -0.39065648969262856]","[-0.3296676856155196, 0.3610091076542936]","[-0.13967329065004985, -0.5229382847125332]",,,"[-3.3982334820553657, -2.004228384916981]","[-0.7752154412679374, -0.7459311101585626]","[-0.1978556395197908, 0.05132635751118264]","[-6.120558725111186, -13.777126327343286]","[2.1080456087986628, 1.8943149140725533]","[0.42870610315973545, 0.5917443905025719]",
08 11 15 1 10 0.0000000,"[0.06905439694722493, 0.0034554565325377595]","[0.1112204286580285, 0.21892038149138315]","[-0.06109446088473003, -0.855730224090318]",,,"[-3.3554251430556175, -1.709313751881321]","[-0.64253989784047, -1.2257633123546838]","[0.008406688210864877, 0.2884199253593882]","[-5.083355115167796, -9.039762541837991]","[2.107844070593516, 1.8010245701918999]","[0.134330743147681, 0.6662856165319679]",
08 11 15 1 10 30.0000000,"[-0.3256055990854899, 0.1399740392342208]","[-0.005395961987475495, 0.31904488963385447]","[-0.027812821666399645, -0.35350124879429745]",,,"[-2.7115981368348, -2.575478808706005]","[-0.615153560321778, -1.2917695853859186]","[0.49917787009229264, 0.4946034184967478]","[-5.904152677766978, -4.857674852199852]","[1.1830648938814798, 2.225329770768682]","[-0.22672977189843868, 0.7369894359260796]",
08 11 15 1 11 0.0000000,"[-0.41775869379440944, 0.19870137814432365]","[-0.6471277084822455, 0.09066297275324686]","[-0.08894994656244914, -0.07265991314003872]",,,"[-2.7691194353625175, -2.5384992973258096]","[-1.2680881860665978, -1.7049902442842721]","[-0.07248301363239684, -0.04332802376399436]",,"[0.9677613685528438, 2.220103039468328]","[-0.9737502549154065, 0.11920077838003618]",
08 11 15 1 11 30.0000000,"[-0.5042944605151812, -0.12217693384736794]","[-0.3719616812343398, 0.14507734936972483]","[-0.18523187736670177, 1.2681723053877552]",,,"[-2.2185784814879295, -2.5800772325446206]","[-1.575746329408139, -1.3499670688062906]","[-0.36121198839197555, -0.429408720942835]",,"[1.3314572433630625, 2.455325751627485]","[-0.08094546835248684, -0.5838612195104362]",
08 11 15 1 12 0.0000000,"[-0.3140438775221507, 0.27550246957689506]","[0.15151468844463434, -0.4561113550017275]","[-0.7690972367922465, 1.8107579763357837]",,,"[-2.305906855873763, -2.531583817427357]","[-1.5664943176321686, -0.9736604902893304]","[-0.3922429264212648, -0.25710541686664024]",,"[1.6764712194601694, 1.7586781820903221]","[0.06581265587980534, -0.09865810237824935]",
08 11 15 1 12 30.0000000,"[-0.11380776564280193, 0.4001918399706481]","[-0.21350322483728323, -0.18943624037007467]","[-0.6015294323364894, 1.1871738399689395]",,,"[-1.4014786122366782, -3.2916661964108545]","[-0.7179655748419463, -0.8866642329841852]","[0.16224481606235108, -0.42595577916751304]",,"[1.1392440209786097, 1.9536609640965859]","[-0.08284179012601589, 0.17905945815145952]",
08 11 15 1 13 0.0000000,"[-0.21620948414007823, 0.19840098563581687]","[0.3983285594110688, 0.07491249007483347]","[0.6286843736966451, 0.7017780508225162]",,,"[-2.143146985583007, -2.878564463679989]","[-0.9398583042435348, -0.852859816327691]","[0.43891553276528916, 0.20603718676914773]",,"[1.3782210807005564, 1.745011373485128]","[-0.11587969105069851, 0.0380849961191414]",
08 11 15 1 13 30.0000000,"[0.009906778236230207, -0.12064579483121651]","[0.003160687101384063, -0.03838443594674246]","[-0.1920769194761912, 0.12048194961001468]",,,"[-2.0658097205683585, -3.3565871582676965]","[-1.0129494088701905, -0.39136475957930084]","[-0.27061517840872207, 0.043445282367368554]",,"[1.4751236746708551, 1.861179499949018]","[-0.021353415058305014, -0.015587287768721758]",
08 11 15 1 14 0.0000000,"[-0.08745737920204799, -0.042084131203592]","[0.07658300728847589, -0.45289774077633993]","[-0.021522564689318346, -1.1692279611403744]",,,"[-2.2082727042958137, -3.236006619160374]","[-1.4214119258336724, -0.9157155964523553]","[0.2420235171293219, -0.04614946922908225]",,"[1.3676745901505152, 1.5539791426310936]","[-0.1329063389760754, -0.30394262336194533]",
08 11 15 1 14 30.0000000,"[-0.06498691240946453, 0.2371592337265609]","[-0.038835866438845734, -0.8664051129172243]","[-0.510279772679011, -1.1364612464482586]",,,"[-2.156539970450103, -3.551027761523922]","[-1.5854550170712174, -0.9211265955120325]","[0.21852317148198686, 0.5657015673195323]",,"[1.5296723256508509, 2.3679445377240578]","[-0.38632853965585445, -0.839760008081794]",
08 11 15 1 15 0.0000000,"[-0.2105916867653529, 0.08050466720014793]","[0.07465946109344568, -0.11555677490929739]","[-0.4624418000380198, -1.0498586331183712]",,,"[-1.738205173425376, -2.7747985736777383]","[-1.183873103838414, -1.103826618567109]","[-0.0866842076803247, -0.09137261590609946]",,"[1.4954028735558191, 2.456396638477842]","[-0.6204138312799237, -0.9459445502609016]",
08 11 15 1 15 30.0000000,"[-0.07049674342075984, 0.12308264914900047]","[0.03168741048624124, -0.007428301746646326]","[-0.9208482335011164, -0.4272546206290524]",,,"[-2.362346762232482, -2.7699192182471353]","[-1.079037921410054, -0.7663881544023752]","[0.10132499479999146, -0.24357367238650718]",,"[2.1272684941689173, 1.4379889211306969]","[-0.3948251966697476, -0.5591954465955498]",
08 11 15 1 16 0.0000000,"[-0.11490464011828105, 0.2779421323910354]","[0.07135210366298761, 0.16919639868040903]","[-0.024463785688082385, -0.14139250262329983]",,,"[-3.291241416148841, -1.719196976845463]","[-0.9688958394341171, -0.5579253945499658]","[0.1285325332855185, -1.0386861630404989]",,"[1.0507099936405817, 0.9946125439057748]","[0.08717317242796208, -0.058916079625487505]",
08 11 15 1 16 30.0000000,"[-0.13348457763592403, 0.038229953683912576]","[-0.09423531411836539, -0.5141956193993487]","[0.6534816642602285, -0.5793170218045514]",,,"[-4.56465431433171, -2.6662933097531396]","[-1.4642694759182633, -0.6807712230831384]","[-0.11585348403702178, -0.6230100162948171]",,"[1.1943563083807627, 0.9361479124675195]","[-0.0747996632320187, -0.3297950055450203]",
08 11 15 1 17 0.0000000,"[0.05222106178601582, -0.5686248278245332]","[0.08816815347721185, -0.01042964893082754]","[0.7643345316251119, -0.5810344253356259]",,,"[-4.107048937492072, -2.601181359713276]","[-1.3640279117040337, -1.0803773615509271]","[-0.4679757238055269, 0.10192706504215798]",,"[1.5684386948744455, 1.3405446550498406]","[-0.3180029902917645, -0.2950734820216896]",
08 11 15 1 17 30.0000000,"[-0.22760963241259258, -0.3026255404576661]","[0.21336767257501688, 0.22157228154440745]","[-0.03723394672075908, -0.998118716912965]",,,"[-3.2690710065886375, -1.588955418889721]","[-0.8830329644493758, -1.3633202377706766]","[-0.5904791534567873, -0.39401058039317527]",,"[1.4340618709723154, 1.6546235671887795]","[0.00013061721498752732, -0.3678847130388023]",
08 11 15 1 18 0.0000000,"[0.019020380576451612, -0.2335061466321351]","[-0.2789637502903739, 0.22669315499564036]","[-0.5374347398678462, -0.18888660116742062]",,,"[-3.5980345098301765, -0.7173673526694375]","[-0.22364654568955303, -1.373978814855218]","[-0.4103877351308862, -0.300397775384287]",,"[1.1387511054674784, 2.3492855122933785]","[-0.06571551303689693, -0.15076446793973464]",
08 11 15 1 18 30.0000000,"[0.4942246546347936, -0.39609320815652627]","[0.06633135856439676, 0.020015837376316625]","[-0.3371902684370677, 0.013230320376654392]",,,"[-2.2376654235646125, -1.2392773793389398]","[-0.4429801943711936, -1.6843993578106164]","[-0.17032261497030654, 0.30273137309898934]",,"[1.3563406775395075, 1.9767583897958199]","[-0.03808810453241085, -0.10388525091111678]",
08 11 15 1 19 0.0000000,"[0.49659884919722874, -0.45746749993413705]","[-0.16196932463596259, -0.523903308684627]","[-0.2943800965944926, 0.4223967011397083]",,,"[-2.4729608682915565, -0.5425534115483361]","[-1.3901560622267426, -1.20493804551661]","[0.04445142739762864, 0.024792738941808556]",,"[1.844455541173617, 2.128165110076467]","[-0.19735761623208736, -0.10583222173154372]",
08 11 15 1 19 30.0000000,"[-0.27583837310473125, 0.17938832584768516]","[-0.31407382159183417, -0.5218425823996462]","[-0.38793769280115764, 0.48322416500498844]",,,"[-1.6140682039782401, -1.3598643110444146]","[-1.776672014873475, -1.1380590859800577]","[0.25837403976668916, 0.028194271711011742]",,"[2.3186515281597773, 0.9968124768386285]","[0.115924799038718, -0.08789551518857497]",
08 11 15 1 20 0.0000000,"[-0.15835752884546916, 0.3431746030226348]","[-0.08747191547105704, -0.14023971396187918]","[-0.7559082935253779, 0.43893514232089115]",,,"[-1.4363703815266486, -2.030284734194477]","[-0.9531278776936233, -0.8225009355694055]","[-0.03354798561582961, 0.4031856737410029]",,"[1.6304025808970133, 1.1885274639974037]","[0.0542698438900211, 0.08994082845747453]",
08 11 15 1 20 30.0000000,"[-0.08884612272183101, 0.10789435748010856]","[-0.07491164474437628, -0.09366772907475607]","[-0.49040768841902416, -0.5580726300055783]",,,"[-1.2085964618250724, -2.0648681835581857]","[-0.19470896748825908, -0.27084062136709686]","[-0.6110753670955698, 0.6711901358639201]",,"[1.4228020171324411, 1.6169292024026314]","[0.2611821081178882, 0.2484036955982445]",
08 11 15 1 21 0.0000000,"[0.168392846484979, -0.08165957387536782]","[0.1221241745476922, -0.323566554362575]","[-0.8715434054533641, -0.33335742695877957]",,,"[-1.349317753128707, -1.5149801687647897]","[-0.5387642624787986, -0.5192329946905374]","[-0.5990502790237466, 0.5468885532890757]",,"[1.1134379069010416, 1.2567024818311134]","[-0.060468545959641684, 0.01394651569426042]",
08 11 15 1 21 30.0000000,"[0.029406638940175367, -0.18156649526208657]","[-0.4014340099568168, 0.41177693170805796]","[-0.044332472483317065, -0.6005826030547421]",,,"[-1.4848803518339988, -1.6206413672616082]","[-1.1873921918682755, -1.135990298166871]","[-0.45170580899963775, 0.4896421662842234]",,"[1.127302140990893, 1.2881427398572365]","[0.004108064963171731, -0.6951204266399147]","[-1.3520294614703525, 4.495722893909149]"
08 11 15 1 22 0.0000000,"[0.14621739288171132, 0.4120327496901153]","[-0.6117849779004851, 0.1397831009080015]","[0.08519508143266041, -0.7640189264590542]",,,"[-0.8541090575978156, -1.849751414482792]","[-1.3486333581618966, -1.3505514327436685]","[-0.43550869381676116, -0.04463741860042014]",,"[1.3989299992720285, 2.556631132091085]","[0.17726086933786656, -0.5727040793746712]","[-1.5294588395030368, 1.9199389110361862]"
08 11 15 1 22 30.0000000,"[-0.1274031976858775, 0.45970806125551444]","[-0.47133215336749945, 0.2960317001988493]","[-0.6240688095490138, -0.9734934453542035]",,,"[-1.1736348805949088, -3.0830665693928796]","[-1.5199395063333214, -1.5472653869539499]","[-0.18683867460737624, 0.26416801729549966]",,"[1.2866412262121836, 2.2851606151709953]","[-0.15774781148259853, -0.3599991526454689]","[-1.3337511160046924, -0.0670521368230057]"
08 11 15 1 23 0.0000000,"[-0.377713909248511, -0.2886673396453263]","[0.0695348698024949, -0.40873463290433065]","[-0.07119226257006328, -0.590167496042947]",,,"[-1.304559686593711, -3.352637352173527]","[-0.8997559937648475, -1.1491814468055963]","[-0.1498177827025453, 0.28449907222141824]",,"[1.9213676909605661, 2.158370106543104]","[0.34064111967260624, -0.45806089304387587]","[-0.5980037339599003, 1.4914776573931503]"
08 11 15 1 23 30.0000000,"[-0.06851655791203182, -0.2662299161776902]","[-0.2541700956101218, -0.08646814363698141]","[-1.0981807241837185, -0.7058194760854046]",,,"[-2.2191965220496055, -3.5341567860295373]","[-0.7628920021466911, -0.9272460553795099]","[-0.13387944853554168, 0.43074820258965096]",,"[1.816407964626948, 0.9892340293775003]","[0.39720660556728626, -0.42033683024346846]","[-1.1891968735129703, 2.3104487846648025]"
08 11 15 1 24 0.0000000,"[0.48647060443957646, -0.26833694037050027]","[-0.1312097516531745, 0.25581664008398874]","[-0.31564177374045055, -0.6245510761315625]",,,"[-2.9060445217415687, -3.2137040810038644]","[-0.6660484465770423, -0.8521598193794488]","[-0.40088264203319945, 0.03643516519417367]",,"[1.543427915374438, 0.97836851986746]","[0.2853806700247028, -0.357085692510009]","[0.8559981248705517, 1.4674198816572952]"
08 11 15 1 24 30.0000000,"[0.3521757592757543, 0.04909960571676475]","[0.046111123574276824, -0.019326476628581446]","[-0.3322653154532115, -0.5490617041165631]",,,"[-3.0578661648556587, -2.3418996052195626]","[-1.2459937426261605, -0.7584796909242868]","[-0.9116056964422266, 0.16407588937630257]",,"[1.0198596129814783, 1.6008535465846458]","[0.16443195302660252, -0.6227223303169014]","[0.3610863647787701, 1.3789064030205536]"
08 11 15 1 25 0.0000000,"[0.3079080452521642, 0.34557881597429496]","[0.10094564588119592, -0.14529023903111593]","[-0.10493185917536418, -1.1107142899806302]",,,"[-3.7575439153239127, -2.991055877630909]","[-1.697476366441697, -1.1883780870586633]","[-0.2251918495322267, -0.6164433874810735]",,"[1.9870173345009485, 1.0895219436536232]","[-0.15468480329339718, -0.2609576907008888]","[0.9387972913115155, 0.5748976658140945]"
08 11 15 1 25 30.0000000,"[0.009981723626454664, 0.33121040109544975]","[-0.29891684471319113, -0.14815080004433767]","[0.2747714539368947, -1.105905729966859]",,,"[-3.056711220555007, -3.109376983468731]","[-1.4850059839896859, -1.4308638785034418]","[-0.6432902470851938, -0.5094050832713644]",,"[1.7496439228455225, 1.0255425414691368]","[-0.03543929647033428, -0.1450052287429573]","[1.0222074202625882, -0.14214127854949954]"
08 11 15 1 26 0.0000000,"[-0.18235112528006236, 0.13831491414457542]","[-0.3857588302964965, -0.21602576809624807]","[-0.023599950472513842, -0.5573916767413418]",,,"[-2.924886354617774, -2.199734451000889]","[-1.0582355353049935, -1.1451983962208032]","[-0.6523738459373514, -0.24369963190207877]",,"[1.12244400481383, 0.4812272629390161]","[-0.2088602323395512, 0.6760207239538429]","[0.07632197061468471, -0.9511197467292023]"
08 11 15 1 26 30.0000000,"[0.1260617991288503, -0.15613480266183632]","[-0.3767588418597976, -0.1393229349205889]","[-0.23346452216307323, -0.3110545162732403]",,,"[-3.207362660579383, -2.3367882536103326]","[-0.8691131713800132, -0.8408153120428323]","[-0.42069877243290343, -0.2673480578387777]",,"[1.565505580107371, 0.8296822002778451]","[-0.3487823967201016, 1.2835850838571785]","[-0.2902708538443912, -1.0437344719613266]"
08 11 15 1 27 0.0000000,"[0.08333853085835774, -0.8188073372468354]","[-0.27393983124444876, 0.43658486170073374]","[-0.3787078539530436, 0.5048245902483661]",,,"[-1.8504344014450904, -2.2834521399190026]","[-0.8032334986142814, -0.8167561206966638]","[0.09244038605441651, 0.1429404548679789]",,"[1.6598179052273432, 1.4413548848281303]","[-0.0454654906255505, 0.9506444308906792]","[-0.7406433411509861, -0.35811876849777224]"
08 11 15 1 27 30.0000000,"[-0.08098320464293163, -0.8514855390414597]","[-0.06715327321241293, 0.4318966434647642]","[-0.27841925422350566, 0.6569501574461658]",,,"[-2.8007812289521095, -1.1516917364050943]","[-1.0572419258765877, -0.9455653045326471]","[-0.004292506041626121, -0.4622278877223531]",,"[1.9618025730053583, 1.7263709596047798]","[-0.0925620857936642, 0.2393651131540535]","[-0.3264639564425815, 0.5993793497835922]"
08 11 15 1 28 0.0000000,"[-0.34384947071472804, -0.20932327564805764]","[-0.11102033971498404, 0.2167479710032545]","[0.2444007267554601, 0.1310698355858524]",,,"[-2.7624444751068946, -2.1157212720563012]","[-1.1526826116256417, -0.9621721718460321]","[-0.305625329973797, -0.48335426232467094]",,"[1.9065559367338816, 1.4794069370875755]","[-0.1353930298549435, 0.2436439219862221]","[0.00940382102419246, 0.658454139069252]"
08 11 15 1 28 30.0000000,"[-0.22562675724426906, -0.393277499638498]","[-0.15142731188486014, -0.1322323961804308]","[0.42004600365956624, -0.35495443983624386]",,,"[-2.3030609874054786, -0.9370450244595605]","[-1.1290243211202324, -1.5383790645748376]","[-0.17165150797615447, 0.11185932972778878]",,"[1.4669674495855967, 1.2381391814599434]","[-0.14677647392575954, 0.3072348210960625]","[-0.25781631847928654, 1.1621601025616455]"
08 11 15 1 29 0.0000000,"[-0.0839240978161494, 0.1710813755169509]","[-0.054204640972117524, 0.012141259138783056]","[0.6895329376061757, -0.9867047850663464]",,,"[-2.2117447642609473, -0.6741385327031213]","[-0.9970515015535056, -1.3994838956743478]","[-0.0070975006247560035, 0.19267148592819772]",,"[1.408153490225474, 1.737938358510534]","[-0.4266179789168141, 0.35590143240988237]","[0.1189591548769604, 1.188008833960228]"
08 11 15 1 29 30.0000000,"[-0.01687758962313335, -0.20743790622800606]","[0.07403416366626825, -0.057763902718821925]","[0.16934459110101063, -1.3694763962800305]",,,"[-1.7646040109917518, -2.5650668756415445]","[-1.1872453036718071, -0.6897014591842889]","[-0.08076776123295226, 0.1841547272478541]",,"[2.088032768170039, 2.4711551359544197]","[0.12234549333030964, 0.48610372580587846]","[0.02420140424658168, -0.06267855660564425]"
08 11 15 1 30 0.0000000,"[0.025699729224046064, -0.7569496816024186]","[0.35291052789737787, 0.5564388201882444]","[0.0431825836499532, 0.0519844706480701]",,,"[-2.4330754814669486, -3.0143711732079583]","[-1.217214250843972, -0.9022403422743082]","[-0.1919766471410791, 0.11519640007366738]",,"[1.147526294986407, 2.0705611846099297]","[-0.09935553263251995, -0.24741237126290816]","[0.24851955095220912, -0.8249297399962616]"
08 11 15 1 30 30.0000000,"[0.20330066432555516, -0.4403024202212693]","[0.21265492768337335, 0.4260351375987135]","[-0.35131729940573375, 0.27092477337767673]",,,"[-2.901045569591224, -2.7705448136975366]","[-1.0092186870984734, -0.9064417097717523]","[-0.02592070704946914, 0.6590905866896113]",,"[1.3715538243452707, 2.1923619798074165]","[0.08444515724355961, -0.6368073847144844]","[-0.43062137445520055, -1.6262762357438278]"
08 11 15 1 31 0.0000000,"[0.12901975413163502, -0.48131595905870217]","[0.26675895781566705, 0.06754067701598032]","[-0.014641938606897997, -0.1998603974158566]",,,"[-3.0420915720984336, -2.9977427141120034]","[-1.6500184926204384, -0.651399439945817]","[0.1073230772589644, 0.36434293606628976]",,"[1.830466107527415, 1.8511563232789436]","[0.02014793564255024, -0.4748660799115898]","[-0.3632926829726566, -1.7775825221980286]"
08 11 15 1 31 30.0000000,"[0.1493534614642461, -0.2716653978452088]","[-0.08286642848203574, -0.6067868604014315]","[-0.025744197765986132, -1.1067200635249417]",,,"[-2.601514079980552, -2.7841699288537103]","[-1.257443094532937, -0.6886257592588663]","[-0.09074916249761977, -0.17488030275950828]",,"[1.6576268831888834, 0.5780532500396173]","[-0.15390837083881115, -0.39722878001630324]","[-0.5894720592172016, -1.2490086664403153]"
08 11 15 1 32 0.0000000,"[0.029292510946591688, 0.020939376391470255]","[0.03270229877283182, -0.76259873646001]","[-0.35272131661574047, -1.6146471385533612]",,,"[-2.3966318605467674, -3.5325616614272195]","[-0.940445953886956, -0.8230415198951959]","[-0.1077711165572206, -0.5958949544156591]",,"[1.7358794222275415, 1.3694488844523827]","[-0.16135933141534542, 0.28332216776907426]","[0.09444865206171382, -0.28081969515926364]"
08 11 15 1 32 30.0000000,"[-0.29863766382137935, 0.38741168025881034]","[-0.10209569899986182, -0.11516645389298574]","[-0.5049743930498759, -1.421266842323045]",,,"[-2.4399898735806342, -3.755805777137478]","[-0.9678157213144004, -0.8208413038402795]","[-0.043241377236942435, 0.028863140133519982]",,"[2.20363000134627, 1.1947947731862465]","[-0.8981150824887059, 0.16928955651819688]","[0.47040140250612605, 0.5617708156859207]"
08 11 15 1 33 0.0000000,"[0.05025130709012349, 0.3198376262560485]","[0.2487963381533822, 0.4869970993449293]","[0.05778005917867024, -0.19780542297909665]",,,"[-2.319311895780265, -4.055138187234601]","[-0.5947171988897025, -1.0877224270254373]","[0.13847517662992082, 0.15244648673882089]",,"[4.242937610546748, 1.4803891173253456]","[-1.2130160916907093, 0.15108629800379259]","[0.4829658083050381, 1.7408908496653366]"
08 11 15 1 33 30.0000000,"[-0.2022991235057513, -0.10572456177324074]","[0.2934818807368478, 0.41039180917044504]","[0.06543986697991688, 0.5298401381199558]",,,"[-3.303090074472129, -3.6767755166937905]","[-1.0027684661559761, -1.0215110544115305]","[0.1333238079523047, 0.1008504412447413]",,"[3.1266968111197153, 0.752621620024244]","[-0.818601853058984, 0.11553099490702134]","[1.0690044126837384, 1.368591655329399]"
08 11 15 1 34 0.0000000,"[-0.13179512868324916, 0.020728703774511636]","[-0.017375571715334992, -0.3981868608544268]","[-0.05617594520250957, 0.015478726786871677]",,,"[-3.473855757527053, -2.805330263202389]","[-1.122848966997117, -1.0636419419199228]","[-0.18345065719137588, -0.6064895012105505]",,"[3.7736447463432947, 1.030128180111448]","[-0.6513521362406514, 0.3246655885130165]","[0.8733865878908764, 1.7456962506329345]"
08 11 15 1 34 30.0000000,"[0.10221346666415532, 0.19201767090708]","[-0.01622649102161322, -0.6711478217194475]","[-0.2565184662739436, -0.47191426499436306]",,,"[-3.161360138468444, -1.592008398597439]","[-1.0212481263093651, -0.9543842140585184]","[-0.40589968419323363, -0.33912789008269706]",,"[1.182672784725825, 3.0846510520825783]","[-1.066678582535436, -0.00042081139981764437]","[0.9732932857601773, 0.6751636753832626]"
08 11 15 1 35 0.0000000,"[-0.10039364347855251, 0.14518564585596305]","[0.23787342937042322, -0.9162771834681429]","[0.5690515657265981, -0.716933820086221]",,,"[-3.4755217371508476, -1.691077681009968]","[-0.19438672987744213, -0.6806895796209573]","[-0.2242278785134355, -0.39995815536628165]",,"[-3.0534771223862966, 2.419120549286405]","[-0.7084945503932736, -0.05859515331685561]","[0.5326785556404721, -0.6135252972090912]"
08 11 15 1 35 30.0000000,"[0.11118134309848149, 0.013240512646734537]","[-0.06592992513130103, -0.9746098949263491]","[0.6141911764939626, -0.4551317129905026]",,,"[-2.7975063113495704, -1.325621993963917]","[-0.3073240163736045, -0.5400990907102823]","[0.03716396981229386, -0.3302183814967672]",,"[-0.23210689326127365, 4.049254848683874]","[-0.527348353372266, -0.15971219800412673]","[0.3160244635670315, -1.4063481648410034]"
08 11 15 1 36 0.0000000,"[0.11867416848738988, 0.7570102030411361]","[0.2535752672081193, -0.8911637200663485]","[0.8143256922562917, 0.18245309249808384]",,,"[-2.3348335264250633, -1.343693868940075]","[-0.7035064938478172, -0.6045723173767328]","[0.0313250988100966, -0.10601381144175925]",,"[0.5978181074062984, 3.040237798417608]","[-0.16024503748243069, 0.13411520160734636]","[0.6095683387844693, -1.2465537299359513]"
08 11 15 1 36 30.0000000,"[0.10604615708192189, 0.1863346213474868]","[-0.17939099489400778, -0.6559850557396807]","[0.6460793783267339, 0.22145858065535617]",,,"[-2.2966182915493842, -1.9625607298066217]","[-1.0956019851379097, -1.037243715301156]","[-0.3944135040665666, -0.17061064324031272]",,"[3.0237410376469294, 1.948406650746862]","[-0.15593747685973858, 0.29191022850573045]","[0.3795470557539593, -1.0227681954348755]"
08 11 15 1 37 0.0000000,"[0.006005214651425672, 0.22484746221452934]","[-0.0996577125663558, -0.458576245481769]","[-0.131370214621226, 0.22406541959693027]",,,"[-2.6048382459208366, -2.1777463720490533]","[-1.1354755404405297, -1.16507247723639]","[-0.18156758255014815, 0.25283055820812783]",,"[4.203540519873301, 6.268264829243223]","[0.20942854989940907, 0.499198881164193]","[0.32329500833441127, -0.49832057551986697]"
08 11 15 1 37 30.0000000,"[-0.01697020779053371, 0.5062706882134078]","[-0.25100545405099783, -0.26649197774628774]","[0.6104850788911184, 0.40247288004805637]",,,"[-1.8728706477209922, -1.6495157794406015]","[-0.7428339811973274, -1.2196325872093439]","[0.08460166001071534, 0.20451390066494546]",,"[2.437929184238116, 1.0934923878560463]","[0.13389013816292072, 0.16785584129393083]","[0.13562212506224025, -0.11901248590595248]"
08 11 15 1 38 0.0000000,"[0.07563673903544743, 0.2630920672789214]","[0.1623787823443612, -0.3071736826250948]","[0.5577111711104711, 0.0459783192103107]",,,"[-2.412060195021331, -2.2023525403191644]","[-1.1058713140897454, -1.4732956055551767]","[-0.15586399591217437, 0.11609771170963845]",,"[3.2750940332810083, 7.2005509874473015]","[0.09817103405172611, -0.3820506807416679]","[0.05795852461744655, 0.2543597559487152]"
08 11 15 1 38 30.0000000,"[0.08568065067132313, -0.23384914156049508]","[0.20273624540617075, -0.5556798561165728]","[0.14241735835870106, -0.08231833918641018]",,,"[-1.9113569645211097, -1.665555076425274]","[-1.3587163778953255, -1.3480375621467828]","[-0.26588763600836196, 0.319852092054983]",,,"[0.20171830911810185, -0.04569687210023421]","[0.2288991920082699, 0.1773219744717407]"
08 11 15 1 39 0.0000000,"[0.15770188917716343, 0.4127671087160705]","[0.25893140764286127, -0.6741541905949511]","[-0.17675715486208599, 0.18199558214594913]",,,"[-2.735095599107444, -1.461024733011921]","[-1.896579975169152, -0.6168478492647409]","[-0.22259258783111968, 0.3291093788420161]",,,"[0.29626707841331745, 0.7999255184084175]","[-0.013624567595230452, 0.5597934166943359]"
08 11 15 1 39 30.0000000,"[-0.14815599272648494, 0.015194367803633035]","[-0.2547107991452018, -0.1648147537062563]","[-0.10942308406035106, 0.9477714415018756]",,,"[-3.9726820675656196, -1.7001407758643228]","[-1.7825116011314095, -0.039873278513550714]","[0.2588076859091719, -0.5717196532214681]",,,"[-0.09138321022813534, 0.2504512790590523]","[0.6594937107889782, 1.1868698040997314]"
08 11 15 1 40 0.0000000,"[-0.3622023070851962, -0.08776976522058266]","[0.06019099236776437, -0.4188019766161837]","[0.15403244098027546, 1.1005434508745868]",,,"[-2.6264560459181663, -2.4946241692950326]","[-1.3415256532840432, -0.016530520096421197]","[-0.18952534652004638, -0.4072379239524404]",,,"[-0.015487274931123007, -0.3944475974887611]","[0.2462404779522549, 1.3526720295702743]"
08 11 15 1 40 30.0000000,"[-0.5988146568338076, -0.037934291921556174]","[0.11014040739585962, -0.2973127050946154]","[-0.00452784995237987, 0.503613945407172]",,,"[-1.3867786912247535, -1.7492394612481195]","[-1.2734150531701744, -0.8140259746462106]","[-0.36786671287069717, -0.291606865140299]",,,"[0.3445164199608066, -0.37292567156255263]","[-0.10691526910375249, 1.5309013019358444]"
08 11 15 1 41 0.0000000,"[-0.5431605110565821, 0.03225430492311698]","[0.012189911616345306, -0.5904791935036577]","[-0.34650182525316875, 0.02460953251769138]",,,"[-2.0945513634011146, -2.627523960297306]","[-0.8526603969745338, -1.1451609048992395]","[-0.2926935956502954, -0.06088092109809318]",,,"[0.2654194395678737, -0.03899412117898482]","[-0.4858057685763706, 2.1619112531697082]"
08 11 15 1 41 30.0000000,"[-0.19906024436155956, -0.13917854782193917]","[-0.05397802411268149, -0.4450597001860537]","[-0.5286723057428996, -0.3099961314971249]",,,"[-3.111099311523139, -2.2471872733285028]","[-0.9628794285468757, -1.036959371343255]","[-0.1532154039169351, -0.7458296485866109]",,,"[0.3110900308626392, 0.19324831403791887]","[-0.5352469124467243, 2.9382297138726043]"
08 11 15 1 42 0.0000000,"[0.25416762580474217, 0.11177724245935661]","[-0.27893965511272345, -0.04703874724606649]","[-0.6980376819769541, -0.8377183411891262]",,,"[-2.8126258192583915, -3.2696509377410012]","[-0.8251892718486488, -1.0938257936388254]","[-0.7025563747311632, -0.5684196122611562]",,,"[0.13584384430820728, 0.2527449402958153]","[0.10908047476698268, 2.3159805278336334]"
08 11 15 1 42 30.0000000,"[0.23129156430562336, -0.274539980851114]","[-0.10596115707109366, 0.3139711634566389]","[0.056612359484036756, 0.41706491665293766]",,,"[-2.816801631264388, -2.406029062097271]","[-0.6720949205569923, -1.0994170818477869]","[0.15960975432147584, 0.12957871773590646]",,,"[0.19411698837454106, -0.00026102624833601595]","[0.7095427475302349, 0.17647201223724363]"
08 11 15 1 43 0.0000000,"[0.08383698960145314, -0.42136496659368294]","[0.24573979706813898, 0.21954813761015757]","[0.04487747152646382, 0.6631901826088626]",,,"[-1.7828416613861915, -1.4732529686142999]","[-0.7080440613441169, -0.7455552134662866]","[0.1361980035280188, 0.7291044823204478]",,,"[0.27332394678766514, 0.09535285569727403]","[1.0466556213228833, -0.11244307057506564]"
08 11 15 1 43 30.0000000,"[-0.15404893259207408, -0.08557975646108407]","[0.2253021392350396, 0.022537382071217138]","[0.4958479424317678, 0.6740616674845417]",,,"[-1.5675810514017936, -2.3336021916319925]","[-1.073306569736451, -0.5440361861139535]","[0.04546870732059083, 0.5181617371117075]",,,"[0.3591729338901737, 0.003251639381050886]","[0.6160873732893597, -0.633112799092598]"
08 11 15 1 44 0.0000000,"[-0.20558561931053798, -0.14347291346639413]","[0.3569225463395318, -0.5820537342379488]","[0.06773188908894856, 0.3316684182112415]",,,"[-1.5949236540123817, -2.4363155083109933]","[-0.7157046589069068, -0.8947329882532358]","[0.07061315768708787, 0.5488399646555384]",,,"[-0.15233892093723034, -0.28956660889089125]","[0.08173355081964839, -0.23763440148479464]"
08 11 15 1 44 30.0000000,"[0.11850102444489796, -0.22830415125936288]","[0.3515698704247674, -0.4427901788304247]","[0.30127297540505726, 0.1290072019522388]",,,"[-3.0053819803521034, -1.8838112221409875]","[-0.7052669766359031, -1.1606606308370828]","[-0.35257092422495284, 0.5974214903389414]",,,"[0.001306259228537332, 0.44663455821573717]","[-0.9392808862597812, -0.042823936506576565]"
08 11 15 1 45 0.0000000,"[0.049507701893647504, 0.29213770870119316]","[0.23057241172840204, -0.008236093694964808]","[0.28227724333604176, 0.06946625964095188]",,,"[-2.9913002340123054, -1.7686536626269418]","[-0.8506513032130897, -0.7259018931537866]","[-0.5176237330461542, -0.2072833993161718]",,,"[0.22387116511041905, 0.21106941737234575]","[-1.088753435817467, -0.2384918739045334]"
08 11 15 1 45 30.0000000,"[-0.09006820420424144, 0.4781904334202407]","[-0.016960917102793793, 0.4635432974745832]","[-0.4876174012819926, 0.3970568592970569]",,,"[-2.2522106258198615, -2.1364206836869317]","[-1.0121464821510018, -0.5644702974706888]","[-0.08587048506985107, -0.06154725632319846]",,,"[0.24612354595834995, -0.4577333655208351]","[-0.3987860568435062, -0.3131480474913788]"
08 11 15 1 46 0.0000000,"[-0.10321345726648967, 0.23645816389471275]","[0.03132914186765756, 0.1264249102522932]","[-0.2542725483576457, 0.42865003303935123]",,,"[-2.3182061402127143, -1.6031909154107171]","[-1.1385564002208413, -0.6602487329393625]","[0.11238507622232041, -0.07680327376971641]",,,"[0.07649494071180607, -0.3311317142099144]","[-0.4333709218175281, -0.3978258629286957]"
08 11 15 1 46 30.0000000,"[-0.17249809006849925, -0.05666377004236001]","[-0.27721080003927145, 0.29627256256838663]","[0.32753896911938984, 0.25803561167170597]",,,"[-2.3146866349503394, -2.222606019799908]","[-1.3988031986169518, -1.2420635435730218]","[-0.5756670565033952, -0.027120567175249244]",,,"[0.06990391124660755, -0.5250218238681557]","[0.31273670116354335, -0.48627833621150973]"
08 11 15 1 47 0.0000000,"[-0.3731544295946757, -0.0032801365479828704]","[0.1283628586058816, 0.11951923531790598]","[0.16616955598195393, -0.24022403700898098]",,,"[-2.7856198189780113, -2.2039093093325692]","[-0.8654266539029777, -0.9713006380945444]","[-0.5687699869895975, 0.003779672769208764]",,,"[0.32213559110338474, -0.14392432831227797]","[0.411946784648193, -0.9480587203944397]"
08 11 15 1 47 30.0000000,"[-0.4408705810705821, -0.5402595287188889]","[-0.13912766991804038, -0.032762257630626124]","[-0.15856346289316814, -0.7933046851928036]",,,"[-2.9079356728121635, -2.2372606561829644]","[-0.2670743259601295, -0.7817313138395547]","[-0.1449761644626657, -0.15796030244479575]",,,"[0.025950969352076303, -0.2594209786504509]","[0.6010988316862713, -0.47158574657089236]"
08 11 15 1 48 0.0000000,"[-0.28339975873629253, -0.8771521782502534]","[-0.08281498967359457, -0.43528368907670156]","[0.07185824414094288, -1.0087243948752682]",,,"[-2.7676557539030906, -1.7214434163024026]","[-0.08504175571724773, -0.9349597159773111]","[-0.16419270938883224, 0.3301752141987284]",,,"[-0.04880534748857235, 0.08076971508562547]","[0.28272842982698787, 0.14084114535205838]"
08 11 15 1 48 30.0000000,"[-0.0004352236787478203, -0.2840224241837861]","[0.25664089055111017, -0.32008789318303243]","[-0.15125998655954997, -0.8279111568505566]",,,"[-2.6200486956164237, -1.9967947618414956]","[-0.8168540093116462, -0.852328560128808]","[-0.3125791952634851, 0.2870246700321635]",,,"[-0.007192528651406516, 0.49679994322359544]","[-0.3537675180108417, 0.945102218822174]"
08 11 15 1 49 0.0000000,"[-0.023702179888884234, -0.2615113740786912]","[0.3456908705954751, -0.8086236997197069]","[0.42861685355504353, -0.6721025441462796]",,,"[-2.5441612986847755, -1.7747164086749154]","[-1.1498836967162789, -0.9842995021492242]","[-0.5884360924984018, -0.4324738599980871]",,,"[0.3904577951567867, 0.49868909753859025]","[-0.13250428816388737, 0.9803508709227371]"
08 11 15 1 49 30.0000000,"[0.04466285010178883, 0.26166209224611503]","[-0.031751981067160706, -0.18105541008214132]","[0.184796275695165, -0.4926350895936291]",,,"[-2.304881313256919, -1.2454617337634164]","[-1.1313929202966393, -1.7268296245485544]","[-0.32666192507992187, -0.17482338032374778]",,,"[0.22397938479358936, -0.015498789772391497]","[-0.379651058521973, -0.7637067844117356]"
08 11 15 1 50 0.0000000,"[-0.20304941187302272, -0.008763793669641196]","[-0.12684659479806815, 0.2988116161276899]","[0.06730216940244038, 0.06156631962706638]",,,"[-1.9370441673323509, -1.8958972857644159]","[-1.122633809130639, -1.5641899917274713]","[0.07754024559011063, 0.08409557559837899]",,,"[0.19207327921564366, -0.025600570067763506]","[-0.2385826148660053, -0.6135758717501831]"
08 11 15 1 50 30.0000000,"[-0.27745536516110103, -0.0553948914632203]","[-0.02715696959445868, -0.04379178422192709]","[0.17971040507157643, 0.35652006821086]",,,"[-2.8597683100029823, -2.2157986478259164]","[-0.39899417189881203, -0.6510932955890893]","[0.19201893055190644, -0.20723574540267387]",,,"[-0.01448365192239498, -0.06222853325307387]","[0.34479224303652156, -0.269675504132576]"
08 11 15 1 51 0.0000000,"[-0.45531042466561, 0.21995937470346671]","[0.4911783206587037, 0.0470452622820936]","[0.26329051156838734, 0.4495185281460483]",,,"[-2.732982346229255, -1.7632984386136132]","[-0.27079395381733773, -0.23787657059729095]","[0.047427315947910165, -0.009492418977121497]",,,"[0.35457288582498814, 0.1244356904178856]","[0.3933509103386532, -1.0900892575228882]"
08 11 15 1 51 30.0000000,"[-0.06947779456774394, 0.39315767232328636]","[0.12323595018436517, -0.8755441142867006]","[-0.24780145088831584, -0.11890296979496884]",,,"[-2.1083401529118415, -2.341398985808094]","[-0.8183082732371986, -0.3579810921102762]","[-0.09040659970293441, -0.625442422243456]",,,"[0.7076664875882366, -0.0074465896934272635]","[0.44703876593996394, -1.713066171571083]"
08 11 15 1 52 0.0000000,"[-0.4197824428478877, 0.5609745049849151]","[-0.21007333515832816, -0.8461854292700686]","[-0.3270045499006907, -0.756779092984895]",,,"[-2.377581098489463, -2.5246804223706323]","[-0.907419094722718, -0.022355726733803705]","[-0.1372317031646768, 0.22256781974186501]",,,"[0.48388332237179066, -0.17492434643208998]","[0.3999368957607876, -1.0161189098799897]"
08 11 15 1 52 30.0000000,"[-0.18867414246002834, 0.6390149259939788]","[0.19773213745405283, -0.6234224571535982]","[-0.3357105533281962, -0.09589077873776364]",,,"[-2.8726674852892753, -1.6088660375525552]","[-1.275029146950692, -0.5051845524460077]","[0.27585970306148133, 0.508352868941923]",,,"[-0.7350736026031277, -0.2554454829543831]","[-0.4799434729487766, -0.41082676844245913]"
08 11 15 1 53 0.0000000,"[-0.055287046233812975, 0.13020415250211936]","[0.1799840498094758, -0.2874743624279894]","[-0.5621727834145228, 0.8992727513735492]",,,"[-2.885741585306823, -1.5043584720542031]","[-1.116889977734536, -1.0486422542482614]","[-0.017635452809433128, 0.3383280716215571]",,,"[-0.7527848769289753, -0.4743458058685066]","[0.17489795008589137, -0.04603039817459109]"
08 11 15 1 53 30.0000000,"[-0.1678724194566409, -0.19112968798726815]","[-0.22027058719346915, 0.2720889763285719]","[-0.12311236361662548, 1.1973255838577945]",,,"[-2.587779187969863, -2.22152738434573]","[-0.83641376523301, -0.38640006519854064]","[0.20625322007884583, 0.3380083523069819]",,,"[-0.13782583068435406, -0.6421942587941887]","[0.1954492888777386, 0.7973703037058639]"
08 11 15 1 54 0.0000000,"[-0.04690162638823192, -0.31996228154748696]","[-0.02130394248912726, 0.5268491820742689]","[-0.07880656222502391, 0.7519463415568073]",,,"[-2.446994536928832, -2.154314459984501]","[-0.9733461978845298, -0.4421269509941339]","[0.24953145974626145, 0.50698434629788]",,,"[0.32255948443586613, -0.4099370714277031]","[0.17232815543104518, 0.07429455621593473]"
08 11 15 1 54 30.0000000,"[0.07927608688672383, 0.25295950118452293]","[-0.2420898285383979, 0.37195930046339853]","[0.21627770562966664, 0.0039103742068011815]",,,"[-3.3652684031054374, -1.042968200271328]","[-1.068111503403634, -0.9103977892547845]","[0.20275913619746766, 0.05273311653484902]",,,"[0.12720666934425617, -0.539264487847686]","[0.19738065818239559, 0.036989916399650546]"
08 11 15 1 55 0.0000000,"[-0.046997262040774035, 0.14604518953710777]","[-0.3028076049561301, -0.153742922718326]","[0.13010685344537098, -0.24529092355320858]",,,"[-2.504321151785552, -1.7763367907454568]","[-1.09631743459031, -0.7410822425037622]","[0.20149445229520402, 0.26079002836098275]",,,"[0.14373877753193165, -0.19140506051480788]","[0.19529796758581508, -0.0705611963713837]"
08 11 15 1 55 30.0000000,"[0.1600026359160741, 0.3772373015061019]","[-0.49829730211446677, -0.40918534832696096]","[-0.11387772659460704, -0.22877221150944638]",,,"[-1.6982004282996055, -1.7194789664198953]","[-1.2742612454108895, -0.6054678175598383]","[-0.08286531573782363, -0.36088374933848777]",,,"[-0.06447195898120617, 0.3859960112720726]","[0.16287433722902644, -0.38056175009853366]"
08 11 15 1 56 0.0000000,"[-0.1007610912124316, 0.27549548093229514]","[0.014113122535248657, -0.410645200187961]","[-0.5528889129559199, -0.026117358046273464]",,,"[-2.056057059578597, -1.755284758036335]","[-1.5407992097549141, -1.3165340933948755]","[-0.4513702050472299, -0.05698486349234977]",,,"[0.04295554120714451, -0.03743501268327254]","[-0.314533386436211, -1.5103935261214447]"
08 11 15 1 56 30.0000000,"[0.0551355352004369, -0.09856187161058205]","[0.3956576380257806, -0.4552481009314455]","[0.003641666968663526, 0.08852453188349796]",,,"[-2.559231185726821, -2.3091660903145868]","[-1.000256562512368, -1.5557363841682672]","[0.012705330488582467, -0.27777834913382926]",,,"[-0.2797217730743191, -0.15110378228127974]","[-0.11472003540109288, -0.7633432556832505]"
08 11 15 1 57 0.0000000,"[-0.20764885644117992, 0.24589544180780631]","[0.21560819627096262, -0.3662661446879305]","[0.2313370128472646, -0.08867834849903988]",,,"[-2.6162508068606254, -2.16250276726981]","[-1.251153552811593, -1.9512229476124048]","[0.25932733410348496, -0.12666696986804404]",,,"[-0.22458798329656338, -0.11750473342835921]","[-0.22174720844339024, -0.3772759397471619]"
08 11 15 1 57 30.0000000,"[-0.3387849385539691, 0.3871523404493926]","[0.18428858549644556, -0.5955501927683748]","[0.17864774366219838, 0.5069907571499546]",,,"[-1.9743336824700233, -2.3255796150614816]","[-1.785279208701104, -1.5034275267273187]","[0.1800164102887114, -0.16934674164901176]",,,"[-0.2809887219530842, -0.19056514166295546]","[-0.11541588982652318, -0.7074527253354264]"
08 11 15 1 58 0.0000000,"[0.08068943222363789, 0.2856983954086898]","[0.3540551680450639, -0.6207004918406405]","[-0.05426670412222545, 1.1426881368582447]",,,"[-2.6330210356041786, -2.6775041685750085]","[-1.9133739861659707, -0.8438879165798425]","[0.18916286223878465, 0.1591358862196406]",,,"[-0.19617646823947643, 0.26843614615499956]","[0.23742925742555965, -1.5507785786832047]"
08 11 15 1 58 30.0000000,"[0.31024635781844456, 0.21189058963209373]","[-0.0304981079573432, -0.061821772033969324]","[0.11443430384000142, 0.8036048080151279]",,,"[-4.29488166552037, -1.6483258025099832]","[-1.530903363507241, -0.49718540050089355]","[-0.06799903071175017, 0.38864126124729714]",,,"[-0.38583492379014706, 0.04346783198416215]","[-0.604972560015427, -1.8028648306573105]"
08 11 15 1 59 0.0000000,"[0.32572749455769856, 0.4754275644198058]","[-0.28308570949981604, 0.16439974469443186]","[0.21105747123559315, 0.1273909922068317]",,,"[-2.9232509521767494, -1.6112208829571801]","[-1.1389840337447823, -0.5072542790323495]","[0.11442996257295213, -0.044891677113870765]",,,"[-0.3641262043577931, -0.2796797778457405]","[-0.5582910813958515, -1.340670536919899]"
08 11 15 1 59 30.0000000,"[0.16281865735848744, 0.5037835801020263]","[-0.12498991756389533, 0.12054281098147257]","[0.631014691789945, -0.03808188779900479]",,,"[-2.3629711506888267, -1.537048550074299]","[-0.7844724002294242, 0.3719047095626593]","[0.20535711639871201, 0.14525527575363717]",,,"[-0.3467477921706936, -0.2698354449123146]","[-0.5725347884566654, -1.2695412446702194]"
08 11 15 2 0 0.0000000,"[0.601484784980615, 0.3455118948593734]","[-0.13710396556804572, 0.18205449146529062]","[0.6808953007062276, 0.06868323342253757]",,,"[-1.60828446727246, -1.107348220174511]","[-0.5772345009259879, -0.08247200287878509]","[0.18084323847045503, 0.24351110377659402]",,,"[0.03868828077490116, -0.26337813101708907]","[-0.017451603022323958, -0.5126781572545243]"
08 11 15 2 0 30.0000000,"[0.121788123746713, -0.2457071280106904]","[-0.20178367762515936, 0.6343640254189573]","[0.05524164636929829, 0.3506365831320484]",,,"[-2.3221287218853828, -1.0036646888901788]","[-0.7481341603212058, -0.8800011787563562]","[-0.2937721640492479, -0.5564731278146307]",,,"[-0.05738766382758831, -0.0308990206569435]","[-0.009390134421097152, -0.16465474264270785]"
08 11 15 2 1 0.0000000,"[0.1729837377866109, -0.4364642387256028]","[-0.7286963295812408, 1.0032709704091154]","[0.3096789886554082, 0.22431720451762271]",,,"[-2.696897291950881, -2.090814070527752]","[-1.6960926893167199, -0.5767624143511056]","[-0.3765537024165193, -0.8165372230733434]",,,"[-0.04929464201753353, 0.5349326554685829]","[-0.4441140778930057, -0.3321525414431763]"
08 11 15 2 1 30.0000000,"[0.47385166039069493, 0.028171878494322122]","[-0.503129592227439, 0.13817298573752268]","[0.3448781614502271, -0.29247285767147946]",,,"[-3.9935044882819053, -3.2721055911233026]","[-1.5226532462053002, -0.8307526770979166]","[0.137633305725952, -0.3463194735969106]",,,"[-0.09583850841348385, 0.45959147550165635]","[-0.6269461550385822, -0.2861143608535004]"
08 11 15 2 2 0.0000000,"[0.3764216398199399, 0.41462103668600303]","[0.13194798113157358, -0.5279187692950167]","[0.42303018470605214, 0.4340492750828464]",,,"[-2.717904516868293, -1.3537152872731286]","[-1.514458918850869, -1.617938882485032]","[0.22451269322385392, -0.1732475676263372]",,,"[-0.2310407001835606, -0.18721772991120833]","[-0.5202806033761371, -0.06281928317195895]"
08 11 15 2 2 30.0000000,"[0.45240627427895863, 0.8801210785284637]","[0.48015679599096384, -0.544609068209926]","[0.6137681995828946, -0.11143757744381833]",,,"[-1.6093271015211936, -2.8425397144009668]","[-0.968146080058068, -1.2528670344501733]","[0.1607501178358992, 0.19484933534016213]",,,"[-0.22826565693443035, -0.10626854263246077]","[-0.833685893622147, 0.09679823024623868]"
08 11 15 2 3 0.0000000,"[0.12826346804698308, 0.5360182488337157]","[0.7007009181504449, -0.2971394492934145]","[0.4156557341416677, -0.3092411790663998]",,,"[-1.5891640422865745, -3.4573410467555123]","[-1.2375816049985588, -0.8923370454460382]","[-0.05214148319015899, 0.5280630669866999]",,,"[-0.41641326139991497, 0.30269039906561357]","[-0.373277265635239, 0.051042516068153354]"
08 11 15 2 3 30.0000000,"[0.09198806633551915, 0.09349642340093833]","[0.2431873995189866, 0.15501882297297342]","[0.025304408868153883, 0.36939164654662204]",,,"[-2.670397707633674, -2.5034160779168206]","[-0.49772910205647347, -1.5263769540935754]","[-0.2509719387317697, 0.7139532051359614]",,,"[-0.2613628644806645, 0.2045070651918648]","[0.19255070010115016, -0.22865062551147464]"
08 11 15 2 4 0.0000000,"[0.050612898667653394, 0.5493220353499053]","[0.3358823228006562, 0.6385377363612257]","[0.13995202084382374, 0.01020322398593021]",,,"[-2.2066785482689735, -1.519974382345875]","[-0.3152746203355491, -1.4971894685178995]","[-0.35439350760231414, 0.6506404361998042]",,,"[-0.39436484019582485, -0.13005213700234908]","[0.03145795682360042, 0.19092394812458036]"
08 11 15 2 4 30.0000000,"[0.2867360730965932, -0.35664900001138466]","[0.009546579731007476, 0.669012369339665]","[-0.06039146135250728, -0.3522300009305279]",,,"[-1.690490120463073, -2.225891874854763]","[-0.6226244810037315, -0.7880127940326929]","[-0.2256730899835626, 0.11188923635830483]",,,"[-0.3662039552194378, 0.2233082626014946]","[0.06645747641016353, -0.1906531711066437]"
08 11 15 2 5 0.0000000,"[-0.02613550970951717, -0.21805878337472695]","[-0.1551725995416442, 0.8222608880450331]","[-0.3756782616178195, 0.09784157232691837]",,,"[-2.595134311728179, -2.833939151590069]","[-0.9749539288692176, -0.5336142990738153]","[0.19966698878755174, 0.09616465189804635]",,,"[0.022323713793108713, 0.042749044671654524]","[-0.2752807625205387, -0.15450185136444095]"
08 11 15 2 5 30.0000000,"[-0.03084902266661327, 0.034757059253752054]","[0.33450125337888803, 0.7839407787968717]","[-0.3523918891946475, 0.5070949758713443]",,,"[-2.3834560303017494, -3.57206189793845]","[-1.0031496080569924, -0.27925021089613433]","[0.10090480440606675, -0.06302032551417747]",,,"[0.0772953342335918, -0.38871892057359236]","[-0.44607849797319066, -0.3593376387799454]"
08 11 15 2 6 0.0000000,"[0.13053930749495823, -0.48131257649511117]","[0.3964393603925904, 0.4114355461051069]","[-0.08130337844292324, 0.7958545948689182]",,,"[-2.8842460451647636, -2.0211829261233407]","[-1.4331102314405144, -0.7586386267095804]","[0.1385883434986075, -0.2874160625661413]",,,"[0.12354023118192936, -0.3794635560363533]","[-0.9413811006219257, -0.7048619647467804]"
08 11 15 2 6 30.0000000,"[-0.12342468450466793, -0.25823246296495217]","[0.05762725503494348, 0.059196220462521154]","[-0.062377927700678515, 0.28973661021639896]",,,"[-2.6966052291914817, -3.520404414956768]","[-1.6162466946057976, -0.7649313572794199]","[0.1838981851314505, -0.2292962290967504]",,,"[-0.45897229652230953, -0.34514323137700575]","[-0.18081413587640416, -0.5339245756114197]"
08 11 15 2 7 0.0000000,"[0.13812195708354313, -0.5264999603852631]","[0.019613796782990356, -0.10646232801179067]","[0.09849508305390675, -0.07263680143902707]",,,"[-1.4441647766157981, -3.904070840900143]","[-1.7217655423097313, -0.3583302859216928]","[0.33260965043058, -0.4166332848990957]",,,"[-0.0028276581627628694, -0.0631054665893318]","[-0.5380165465743412, -0.6840622832024765]"
08 11 15 2 7 30.0000000,"[-0.2247600833574931, -0.323000434599817]","[-0.23904510407398138, -0.3780929728100695]","[-0.27071524212757747, -0.25182301147530484]",,,"[-1.5379002628847953, -2.5786212996890145]","[-0.9845132025890052, -0.2349319968372583]","[0.23257066005220017, -0.16419845006118217]",,,"[-0.1644821305138371, 0.028048527613282026]","[-0.5208852179915775, -0.45760753349906924]"
08 11 15 2 8 0.0000000,"[-0.05221989552179973, -0.09172667916864174]","[0.003712939036389251, -0.21779732244710104]","[-0.17280892829100292, -0.23388912125180172]",,,"[-1.5445620207116004, -1.719748453920086]","[-0.4426946732215583, -0.46117050088942046]","[0.31339824640502534, 0.04428438165535531]",,,"[-0.37075703482454037, 0.25382943190634233]","[-0.2993505783946384, 0.26710817618721006]"
08 11 15 2 8 30.0000000,"[-0.06402804503838222, -0.10885958727449196]","[-0.35571150301645194, -0.019027648742000025]","[0.5295007546742757, -0.268150005179147]",,,"[-1.700539105944335, -3.270406784241398]","[-0.6143726798705756, -0.8545204911381006]","[0.2598717778300246, 0.07564374127735696]",,,"[-0.1938453380328915, 0.3455150101333855]","[0.025824647340072282, 0.47693232102745053]"
08 11 15 2 9 0.0000000,"[-0.015617636839548754, -0.32454240676015633]","[-0.10507063387582694, 0.1894213871409498]","[0.22279989173014958, -0.13409191711495327]",,,"[-2.5908695099875327, -5.694804386918744]","[-1.2340685370378197, -1.0358471188694238]","[0.12768079036225877, 0.49780700424065194]",,,"[0.07043170292551304, -0.02472904585301894]","[-0.2180825211675037, -0.02189237968570712]"
08 11 15 2 9 30.0000000,"[-0.13180094758669536, -0.45559154804796]","[-0.31149200169990454, 0.33399970990916117]","[-0.3018883446852366, 0.4040651138251026]",,,"[-1.9281385479494926, -1.4587330536295968]","[-0.563422957342118, -0.39636043347418304]","[0.5135584592198332, 0.10480549254765115]",,,"[-0.15394827614848827, 0.03545425571501237]","[0.16250888625074733, -0.16761716799385074]"
08 11 15 2 10 0.0000000,"[0.24053840537865956, -0.509807217679918]","[-0.4281024914855758, 0.5246407554795347]","[-0.5359561795989672, 0.6278745348875721]",,"[-0.7901612447202204, 1.8821364659070952]","[-1.030301430635154, -4.668056757872304]","[-0.9487604740075767, -1.0051279876381158]","[0.44129086726655564, 0.3072737089668711]",,,"[-0.2470934305650494, 0.28035638965666276]","[0.6363147459356915, 0.1560076217209625]"
08 11 15 2 10 30.0000000,"[0.21350950946410496, -0.4991459583863618]","[0.0975463929896554, 0.46111710531016215]","[-0.25416581134001415, 0.20403568105151249]",,"[0.37758667007088675, -0.7645537984371202]","[-2.361258053593337, -3.7736315594365197]","[-0.7702817413024604, -0.2144861582666635]","[0.44626208090533814, 0.23154302754749856]",,,"[0.15043900270635868, 0.39625230170786363]","[0.2449366710512768, 0.05171929700725553]"
08 11 15 2 11 0.0000000,"[0.04955902894337971, 0.18895747903734428]","[0.10870696039249506, 0.5165342704703413]","[-0.09423316816488903, 0.014878254694243198]",,"[0.17804778352379813, -2.836938081383707]","[-2.035729253105819, -2.960294233386715]","[-1.5374025496654213, -0.47512797154486175]","[0.47859056734790406, 0.7927193126951655]",,,"[0.013234586610148202, 0.34387439228594285]","[-0.057231564131485335, -0.578293543025322]"
08 11 15 2 11 30.0000000,"[0.23546617676814396, 0.6026410574093459]","[0.2319441008691987, -0.1633567048857607]","[0.10603948136170704, 0.2085958685105045]",,"[0.3416235519945623, -2.354682488441469]","[-1.4076679585501548, -5.725103424613675]","[-3.0359391811303795, -0.3686296854168176]","[0.47446252101411424, 0.27849073031296334]",,,"[0.3262388493555286, 0.43691134192049486]","[0.7225663624136578, -0.3201204051221085]"
08 11 15 2 12 0.0000000,"[0.29642453988393147, 0.5587301367893813]","[-0.11098543374488745, -0.490783510978023]","[-0.05478930274645488, 0.1086551512901981]",,"[0.5936888976395132, -0.6200927031040209]","[-0.697374650649726, -0.33558413547774135]","[-1.5510928723029793, -1.0919015917927026]","[0.23369735920180879, 0.21091236987461648]",,,"[0.18284075070793415, -0.20895421765744704]","[0.6987455598442684, 0.43058623774402616]"
08 11 15 2 12 30.0000000,"[0.2579824497302373, 0.4596258366480468]","[-0.0038224813217917486, 0.35351869625349863]","[0.5764579792817434, 0.18792685524870945]",,"[-0.059923432916402675, -0.7671628278493898]","[-2.9524599103257056, 0.21401564615468205]","[-1.213698813598603, -1.1523469898849725]","[0.06372900002946458, -0.11041531643519797]",,,"[0.27606658746177937, -0.5690721895545723]","[0.03675295034338344, 0.7567112634932327]"
08 11 15 2 13 0.0000000,"[-0.11319314489761989, 0.3727553749457]","[0.4896800983076295, 0.8818462507178388]","[0.7666219045718511, 0.7053898538773258]",,"[-0.06693059965968118, -0.7107252162694948]","[-3.0960792241618034, -3.6419242934634286]","[-1.5727917197160424, -0.11158475913107391]","[0.5709821104382475, -0.03644034943232932]",,,"[0.06015259136135365, -0.34740829728543776]","[0.09219154337335933, 0.47374515636318204]"
08 11 15 2 13 30.0000000,"[-0.20894487003485362, 0.22551937047392112]","[0.42161631019165124, 0.4824986622979246]","[-0.13911043653885524, -0.06700314922879147]",,"[0.21817668512463584, -0.9295438808202761]","[-2.856858113221824, -3.5288498268773156]","[-2.143844285886735, 0.11154700182378297]","[0.5032262175654372, 0.007361956623693322]",,,"[0.17227415104086186, -0.5242350425571205]","[-0.1298600920112003, 0.3041270415341186]"
08 11 15 2 14 0.0000000,"[-0.07133933703104656, -0.2679248785600068]","[0.14100592018415536, 0.5283897237231336]","[-0.41152072499195735, -0.33103062553952145]",,"[-0.6056654082238673, -1.0618894827365892]","[-3.9834934113547202, 2.1638937576363486]","[-1.1085852476768197, -0.4491428647190332]","[0.19462573224057755, 0.18901615658154092]",,,"[0.29029122103626515, -0.5394387271255257]","[0.14406820753504146, -0.10928907589561465]"
08 11 15 2 14 30.0000000,"[-0.10297905455032985, -0.31085227783769387]","[-0.2269579079623023, 0.5407900528361402]","[0.18116668810447056, 0.059988837999602085]",,"[-0.8245756255090235, -0.954082472324373]","[-2.6182564286515113, 4.9783891870329775]","[-0.05562528399750591, 0.12529925368726258]","[-0.21827449953804412, -0.002793348642686988]",,,"[0.6791311364310482, -0.16259245835244673]","[-0.03316517552446019, 0.2446785907303619]"
08 11 15 2 15 0.0000000,"[-0.34928448299566905, -0.1286920791491868]","[0.03451879502584543, 0.2365940676381193]","[-0.21081242511669795, 0.18230814890315128]",,"[-0.42274694904685006, -0.5599314403533953]","[-2.4838130561634895, 1.008842272932331]","[-0.6669312360696494, -0.4957342360168695]","[-0.08487473732481399, 0.11723532595982156]",,,"[0.5646703775661686, 0.3778335575014351]","[0.24012665072370876, 0.11712199850433347]"
08 11 15 2 15 30.0000000,"[0.1580737327535947, -0.37154884990304726]","[0.12160612077762689, 0.12763545078535898]","[-0.4505165348450343, 0.3279294635479648]",,"[0.3407551719248296, -0.3365700525045412]",,"[-2.384089285414666, -0.33512756861746307]","[0.00390100174893937, -0.7383587577069799]",,,"[0.7015395026343563, 0.3512520316988228]","[0.29656017938543666, -0.13267983095294955]"
08 11 15 2 16 0.0000000,"[0.009885670741399122, -0.11581555362790841]","[0.030163066399594207, 0.5083370224883161]","[0.14480712463458378, 0.191088196200629]",,"[0.4841341002285482, -0.20296202421188525]",,"[-2.0559031459502877, -0.7811205748468637]","[0.294211235580345, -0.7142115303004781]",,,"[0.18254485089952732, 0.8300128553062676]","[0.4180474839537274, 0.16448842389934537]"
08 11 15 2 16 30.0000000,"[-0.05751735518376033, -0.7236673271283509]","[0.1323328185205659, 0.45208563071986063]","[0.0913771187265714, 0.3457279767220218]",,"[-1.0305327551066874, -0.9724549186229723]",,"[-0.6319645735435188, 0.21546786390244965]","[0.3104749887560805, -0.2501710422957937]",,,"[0.18484955389673496, 0.7049303177744148]","[-0.07642121991227757, 0.644836996034317]"
08 11 15 2 17 0.0000000,"[0.08425993671019871, -0.759859565459192]","[-0.14209692000101004, 0.42487315994997843]","[0.003127688666184736, -0.07074539704869198]",,"[-0.719028733819723, -0.6029806119203585]",,"[-0.18088244823738933, -0.5452688697725534]","[0.4227946146701773, 0.06617396393169961]",,,"[0.08620989431316639, 0.2358444456011055]","[0.06588016072203029, -0.10566813842899325]"
08 11 15 2 17 30.0000000,"[0.27586403687795, -0.4331869369372727]","[0.23809378029157724, 0.6407337353875242]","[-0.4685150812069575, -0.3161893074090283]",,"[-0.27001880869269357, -1.8681145143508928]",,"[0.16052871020510792, -1.572879261150956]","[0.2502957477544745, -0.12887800416598716]",,,"[0.203844481303046, 0.35428336001932603]","[-0.022811908331619613, -0.2702447731936646]"
08 11 15 2 18 0.0000000,"[0.03626190324624379, -0.7443666195496919]","[-0.1656408217425147, 0.725814880554875]","[-0.35021862934033077, -0.2819245640809338]",,"[0.4621483309566976, -1.8302561026811617]",,"[-0.5575493070296943, 0.466259041056037]","[0.17932451957215867, 0.08904167332996926]",,,"[0.4808493565457561, 0.158356738463044]","[0.5164915881483685, -1.2182996828997803]"
08 11 15 2 18 30.0000000,"[0.12441276957591374, -0.3394336288794877]","[-0.44655526249359045, 0.2875680790593229]","[-0.5019068400065104, 0.2672911103193958]",,"[0.5177216602861883, -0.8505744320154207]",,"[0.5514263269491494, 0.26407771669328217]","[0.05196328156938157, -0.7852888174975912]",,,"[0.1204799052017429, 0.12722836174070817]","[0.20177363971163143, -1.1394070495808792]"
08 11 15 2 19 0.0000000,"[0.14182058920462925, -0.23646788652986306]","[-0.28947350202749167, 0.2576197401930891]","[-0.08901849190394084, 0.3685270662729938]",,"[0.19412449732422843, 0.23173350274562665]",,"[0.8855512795038522, -0.6261817280203104]","[0.2924559607480963, -0.24170414290080466]",,,"[0.32586427141601826, 0.04011034704744798]","[0.3505733124344479, -0.8769518245900345]"
08 11 15 2 19 30.0000000,"[0.46725540061791737, -0.27691603060811776]","[-0.4860092756027976, 0.22642524701853617]","[-0.4298972989122073, 0.243769761485358]",,"[0.5018486602604391, -0.31109741151333026]",,"[0.6802935061044991, 1.805447855219245]","[0.22285157137860856, -0.03551758012423911]",,,"[0.27370295782263065, -0.10536399744451064]","[0.04131728032518733, -0.5239753683055115]"
08 11 15 2 20 0.0000000,"[0.26428958972295125, -0.6804188078269364]","[-0.3662648033971587, 0.11114786726733072]","[0.13795088430245717, 0.226014372271796]",,"[-0.12672819957137094, 0.3818711656331999]",,"[1.0849165824241935, 2.421120339259505]","[0.1127702116345366, -0.07706103405604758]",,,"[-0.13318256180112575, 0.14293317236006242]","[0.6859311721651684, -0.8220560659611893]"
08 11 15 2 20 30.0000000,"[0.28522055049737294, -0.3516793882474305]","[0.13016008765747156, 0.5145388559748731]","[0.2033027132352193, 0.015081715149183994]",,"[-0.09066192075610147, 0.09686286926269361]",,"[-0.6547093781642616, -2.4530966941267254]","[0.2598411484931906, -0.33546293458590903]",,,"[0.008975141836951028, -0.12020850442349928]","[0.24447303632189143, -1.0655468662226868]"
08 11 15 2 21 0.0000000,"[0.4250638206799825, -0.3888703471049668]","[0.12771871866037454, 0.17486658853789194]","[0.25724704017241795, -0.3410278592879574]",,"[-0.7714981512725352, 0.09156257092952558]",,,"[-0.1711045608545343, 0.09799701788773141]",,,"[-0.14870265762632107, -0.17701632045209426]","[0.039637189301742204, -0.9821626056874466]"
08 11 15 2 21 30.0000000,"[0.014216208954652143, -0.6193811183795335]","[0.20889720500757303, -0.19713154273728506]","[-0.0749393234650294, 0.21897828237464023]",,"[-0.0038597957789896498, -0.20306998312473468]",,,"[0.05249494009961686, 0.006345965651174401]",,,"[-0.5639956806165478, -0.1550302382558586]","[0.09507958212782253, -0.5345997025216294]"
08 11 15 2 22 0.0000000,"[-0.4196860248843829, -0.6700892334803941]","[-0.08112627087781821, 0.13633406323691233]","[0.2611926143368085, 0.39503603832175327]",,"[-0.26454139515757547, -0.3541629743576067]",,,"[0.3845606937383612, -0.54437705061088]",,,"[-0.47127226631467556, -0.08207972608506697]","[0.3884957096903454, -0.00970150129444125]"
08 11 15 2 22 30.0000000,"[-0.07660298595825832, -0.40283203478902596]","[-0.5215485674018661, -0.20430199640492575]","[0.42111814965804417, 0.06192253188540531]",,"[-0.648835308998823, 0.9920606482028944]",,,"[0.25798284703244767, -0.2665162601197759]",,,"[-0.1684200901848576, 0.13677118457853776]","[0.5940285436241757, 0.19057059688919065]"
08 11 15 2 23 0.0000000,"[-0.4226757044593493, -0.27962530013173836]","[0.30291912884761896, -0.34907497304181234]","[0.02068059345086415, -0.11767706616471219]",,"[-0.6708449946343897, 0.5460334885120375]",,,"[0.32471129739036164, -0.4383142807210485]",,,"[-0.008264138208081473, 0.32284754253923875]","[0.20009265461851466, -0.5272374709094239]"
08 11 15 2 23 30.0000000,"[-0.40712958375612895, -0.06876960750669259]","[0.25911329121639337, -0.45196355717877523]","[-0.052276750902334856, -0.40890716357777523]",,"[-0.5358521716296671, 0.9950481522083265]",,,"[0.3946852355574568, 0.2726777128254374]",,,"[-0.34928215931480144, 0.16726305820047838]","[-0.41481279214929234, -0.3939586688721848]"
08 11 15 2 24 0.0000000,"[-0.07776021758715312, -0.07015315052121895]","[0.17892577679206934, -0.12739020424584524]","[0.1982000266512235, -0.009369838672379727]",,"[0.05841601625084891, 1.155925871729849]",,,"[0.4120851948236426, -0.003273404451707984]",,,"[-0.29812761287515377, 0.08960474766790849]","[0.3703974000542294, 0.31109927995555875]"
08 11 15 2 24 30.0000000,"[0.12854445179303486, 0.3475032413378356]","[-0.34112066595504675, 0.4399442986895643]","[0.258419128259023, -0.11324587805817532]",,"[-0.11664716169238076, 0.3006085920333845]",,,"[0.41012709283580384, 0.6648211709534129]",,,"[0.38565863032514835, 0.005979639664292158]","[0.39454321185041774, 0.21349566085689542]"
08 11 15 2 25 0.0000000,"[0.22389567097028096, 0.34055383149534446]","[0.06851997406532373, 0.21347938639422281]","[-0.2104138935605685, -0.15160884304593014]",,"[-0.33498498067259774, 0.2713519203662855]",,,"[0.19509461217870316, 0.6151740483318766]",,,"[-0.028315557943036307, 0.021850702539086164]","[0.5944978854982983, 0.5931350777899551]"
08 11 15 2 25 30.0000000,"[0.4115794544418653, 0.13141587022691947]","[0.24540663690616693, 0.29582689863940104]","[0.451473364730676, -0.23808095200608181]",,"[-0.06436652705073342, 0.15687702775001355]",,,"[0.11578500711669526, 0.33633797684063516]",,,"[0.2590226318376758, 0.4870119515806435]","[-0.21681829175065648, 0.7349521259819793]"
08 11 15 2 26 0.0000000,"[0.6414639969666799, 0.4647936487570403]","[-0.11895372538516913, -0.10936057406167166]","[0.7094305624564489, -0.6829692904526989]",,"[-0.12465982899069772, 0.3679493385553343]",,,"[-0.11940271711597839, -0.41129694065699973]",,,"[0.011225440694639932, 0.142537948861718]","[0.08018993953157771, 0.30059591336601255]"
08 11 15 2 26 30.0000000,"[0.2608382945259412, 0.21646162513643485]","[-0.3635444101567069, 0.33946485978861674]","[0.3794708495338758, -0.08327027006695675]",,"[-0.032198213189840175, 0.5197023767232878]",,,"[0.10143615001191697, -0.2387264140571157]",,,"[-0.38116939257209514, -0.09754260145127791]","[-0.13177606841634404, -0.34834509687072757]"
08 11 15 2 27 0.0000000,"[0.18705873390038807, -0.14528969284147042]","[0.20097185106327142, 0.2414952979733549]","[-0.2532832751671473, -0.5482146923119824]",,"[0.10631271436810508, -0.0651844722032564]",,,"[0.20616241240253053, -0.04486787995944419]",,,"[-0.10411284010236477, 0.002922785654663862]","[0.15304714063097347, 0.11953138215892789]"
08 11 15 2 27 30.0000000,"[0.06969414850076039, -0.36636500414460915]","[0.5884723904853066, -0.2044932081053652]","[-0.14312909344832103, -0.19285849078247952]",,"[-0.68250995144248, 0.43629186034202405]",,,"[-0.159658293488125, 0.35521116175999246]",,,"[0.3051563214200237, 0.2255310092121361]","[0.027611147555602678, 0.6571483354126739]"
08 11 15 2 28 0.0000000,"[0.25848876883586247, -0.4256394838914277]","[0.33597014279415216, -0.3754000796626009]","[-0.05211208562056224, 0.2699599678938587]",,"[-1.0233331398665904, 0.09298971474170514]",,,"[0.16905835711707673, 0.2306138358389338]",,,"[0.37009859938795353, 0.15281744040548784]","[0.2610812000363003, 0.9650183062111664]"
08 11 15 2 28 30.0000000,"[0.47686577787001927, -0.7036791926249863]","[0.45714385242511835, -0.3226951046536364]","[0.31281660695870717, 0.3712470497315128]",,"[-0.7264193223416804, -0.4955567103624361]",,,"[0.38751014017810426, 0.29168186405052743]",,,"[0.09946365763122822, 0.44601094461977464]","[0.22997450450350154, 0.7192729006563949]"
08 11 15 2 29 0.0000000,"[0.35256285419066746, -0.5649992411956193]","[0.26647605927040185, -0.08432984190682546]","[0.04055094917615254, 0.7423194910710056]",,"[-0.7645329611003397, 0.4608843046426756]",,,"[0.19700057500352464, -0.08807922086368003]",,,"[0.5159774955051639, 0.004435983672737898]","[-0.4823633619220127, 0.10723601682537076]"
08 11 15 2 29 30.0000000,"[0.3303694446881612, 0.15076361242681724]","[0.802414173198243, 0.10977162582178934]","[0.053318882485230756, 0.6598137135927875]",,"[-0.20693134531378732, 0.8303282278776152]",,,"[-0.24257846480856338, -0.4135260053599874]",,,"[0.2624779652493694, 0.37773757912218553]","[-0.5775387622983326, -0.2048629780257416]"
08 11 15 2 30 0.0000000,"[0.403069565196832, 0.29496423546224815]","[0.7028668913369378, 0.15035630924006327]","[-0.010442798833052325, 0.07537360147883487]",,"[0.15503292515873923, 0.8416172730922682]",,,"[-0.3238919780279199, -0.5198988386119405]",,,"[-0.01679911355798458, 0.43977197743952257]","[-0.7385915704638828, -0.4120686908209992]"
08 11 15 2 30 30.0000000,"[-0.027675425509611773, 0.22392053548246604]","[0.6520879063134393, 0.6787945793320738]","[-0.10340685198704402, 0.4199138249581058]",,"[0.8527059777081014, 0.973117114901541]",,,"[-0.06950829482326903, -0.20660490474353232]",,,"[0.16200141717369343, 0.10179201997816545]","[-0.4837150313527454, -0.47835263208992007]"
08 11 15 2 31 0.0000000,"[-0.01480144808689754, -0.042672965489328085]","[0.26280231208850946, 1.0987116710593305]","[0.08797650982936223, 0.38075042919566227]",,"[0.29943264260888114, 0.8964425641298277]",,,"[0.24264143848170838, -0.07865180751929679]",,,"[-0.2600155014855168, -0.03725980482995528]","[-0.7691684999139179, 0.159243677095108]"
08 11 15 2 31 30.0000000,"[-0.22483448485533397, -0.26360671576112527]","[-0.11465095548580084, 0.9860424564530454]","[0.4735382740696271, 0.4125690873091419]",,"[-0.2553327606618403, 0.7300266343355162]",,,"[0.41083281182994447, -0.05277221581588187]",,,"[-0.28609576712672924, 0.11337229348719102]","[-0.5717855729729999, -0.28035437659866336]"
08 11 15 2 32 0.0000000,"[-0.5019461567203204, 0.5551173353567718]","[0.2847503516202172, 0.739652486269673]","[0.595183635254701, -0.134145859318475]",,"[-0.4103373216092585, 0.7968567925691588]",,,"[0.17301364683856568, -0.0741276808703939]",,,"[0.5511883582609394, 0.7738086406141518]","[-0.0641090162665714, 0.3513780276333618]"
08 11 15 2 32 30.0000000,"[-0.5817722881833712, -0.07035293038934487]","[0.42937798233081903, 0.48449771267672403]","[0.2960686405499776, 0.021232959193487888]",,"[0.09159164860844626, 1.6138982939720137]",,,"[0.12857512825479112, 0.4241461537157496]",,,"[0.6335792701380947, 0.6292944077402352]","[-0.11433354398320805, 0.4952695707833099]"
08 11 15 2 33 0.0000000,"[-0.251712670425574, -0.19552001710981148]","[0.019820803714295288, -0.19113904076317922]","[0.3634679486354192, 0.05572712079932285]",,"[0.16720890238881125, 1.1512349116802199]",,,"[0.13189379566659531, -0.16324465653548637]",,,"[0.36843142767126347, -0.6412793871015312]","[0.10321408132006038, 0.7916142384564209]"
08 11 15 2 33 30.0000000,"[0.382878573735555, -0.6541796362027528]","[-0.01020496158550177, 0.020684556787212927]","[0.2476065402229627, 0.3765006776278217]",,"[0.588862262517214, 0.399492116570471]",,,"[0.1387796297048529, -0.3715100952113668]",,,"[0.15986617763216282, -0.7853070076555015]","[-0.13666414102624547, 0.17608201904647824]"
08 11 15 2 34 0.0000000,"[0.13285862853129704, -0.6223362421616914]","[-0.04128638474891577, -0.3553108556816973]","[-0.008578007916609454, 0.8440031077091892]",,"[0.6084440423548223, -0.10837587535381488]",,,"[-0.003081473770240928, 0.29882418432583413]",,,"[0.5900948431032398, -0.06153881810605544]","[-0.019290585127579085, -0.3989228119099808]"
08 11 15 2 34 30.0000000,"[0.22411535878976185, 0.04972575251013023]","[0.2948611620192727, -0.3183002902815737]","[-0.19819626758495967, 0.3368818427746494]",,"[1.0319694800674917, 0.0987949538230879]",,,"[0.28283457898845277, 0.5105933777367075]",,,"[0.7225157629388073, -0.014804231747985064]","[0.3736832998125683, -0.656378339692421]"
08 11 15 2 35 0.0000000,"[0.12282291998465855, 0.11969913188368064]","[-0.049848785685996155, 0.047773511831959325]","[0.11366927077372868, 0.6012370403235157]",,"[0.45393028095364585, -0.1748145502805727]",,,"[0.032987628815074777, 0.13067128577580056]",,,"[0.5548098321693637, -0.23735693357884902]","[0.40240051964212764, -0.4556513090575409]"
08 11 15 2 35 30.0000000,"[0.09273329575856526, 0.30042208377271873]","[-0.21574210195491705, 0.004408286636074621]","[0.46399661352237065, 0.15408260778834415]","[-0.1034851572951494, 0.038635830185851816]","[0.00673782065510764, -0.14424522042274646]",,,"[0.0010674341892202843, -0.16865930637965598]",,,"[0.25187035758669163, -0.6373608138412239]","[0.12046241382051814, -0.08726369933731082]"
08 11 15 2 36 0.0000000,"[-0.14197282294432323, 0.4955304676666854]","[-0.16148891119907294, -0.24041715102891104]","[0.44755630393822987, 0.21270158545424533]","[1.6257440545121016, 0.42174228539272285]","[-0.1401748882234095, -0.7697875183820742]",,,"[0.13508815759172044, 0.12482101538529]",,,"[0.16696939726049687, -0.46130839250981825]","[0.045036669763816484, 0.1479819606100845]"
08 11 15 2 36 30.0000000,"[-0.16933762828509014, 0.7968469673767684]","[-0.21913400857398901, -0.03372858303288595]","[-0.3711472804347674, 0.14316926555087162]","[1.8554070689240278, 0.9941471468429182]","[0.36091444626450553, 0.08127609074115583]",,,"[-0.06099491125593581, -0.15347995540748038]",,,"[0.36325731982166554, -0.2323784705251457]","[-0.14664906641553532, 0.6479229520117569]"
08 11 15 2 37 0.0000000,"[0.44910986920197804, 1.0797867143526672]","[0.12947095365573968, 0.04563601476450785]","[-0.39955589721600215, -0.19402079625676083]","[0.7735860147038283, 0.6819137286166761]","[0.1228834761679174, 0.03710104703903028]",,,"[-0.06019804185877242, -0.307440108867983]",,,"[0.318782330645869, -0.3205698903650047]","[-0.41825110098432194, -0.05648465053684237]"
08 11 15 2 37 30.0000000,"[0.4657625948389371, 0.7548885310068725]","[-0.6913734879965583, 0.29358038467665537]","[-0.4679768885175387, -0.1655169461543362]","[-0.5230836621960817, 0.6160667489986036]","[0.45429409280419364, 0.03668575167655774]",,,"[-0.07860911196718612, -0.29241350969920554]",,,"[0.09802691002065922, 0.032151398435234846]","[-0.03964226326058995, 0.26139627797954557]"
08 11 15 2 38 0.0000000,"[-0.02868871192137401, 0.852589171566069]","[-0.19176287023971472, -0.003882823760310572]","[-0.13059706787268321, 0.1351800228779514]","[-0.05717368940917833, 0.07780515661045051]","[-0.08579968675971017, 0.5733861047029478]",,,"[-0.023475657465557243, 0.18198730864872537]",,,"[0.003906400098154794, 0.04711745418608171]","[0.12659714737821925, -0.2689593245232773]"
08 11 15 2 38 30.0000000,"[0.21500374575455983, 0.5060393327847121]","[0.22548774809887018, -0.03189381795624868]","[-0.04581247071425121, 0.1633579100792606]","[-0.9318141094884096, -1.1034496624250796]","[-0.5636454300582407, 0.17071893990039655]",,,"[-0.22649908370027938, -0.1141122349227468]",,,"[-0.10038809369628643, -0.45943931005895156]","[0.3103204182713162, -0.30733435945159915]"
08 11 15 2 39 0.0000000,"[0.4554586206873258, 0.47142827156931144]","[0.775118851972123, -0.21772509651879446]","[-0.1484952102104823, 0.24280422584464145]","[-1.2956605754336534, -1.8555698443432238]","[-1.027128137797117, 0.16611194789409467]",,,"[0.22500499778737626, 0.08748891272892556]",,,"[-0.34800206016128277, 0.2060634616762398]","[0.03238603094507564, -0.15980507032520297]"
08 11 15 2 39 30.0000000,"[-0.01441418925921123, 0.2102897131815551]","[0.31452716321994867, -0.07358282643059866]","[0.2723678891857465, 0.4164380248015125]","[-0.3013812802275835, -1.1554399777431872]","[0.009831257015466832, 0.5131496804952604]",,,"[0.3965843512987097, -0.07619275829444327]",,,"[-0.6126643259388707, 0.3639883074909447]","[-0.026212427821861617, -0.7460029383147431]"
08 11 15 2 40 0.0000000,"[0.2917760481437047, 0.11470359209924919]","[0.03628825576355066, 0.2471713141848646]","[0.36378780206044514, 0.09372058169295383]","[0.09085608501823561, -0.268351082899132]","[0.719075463563204, -0.3092931044101732]",,,"[0.2984960868333777, -0.1556352742637197]",,,"[0.0775906081932285, 0.13023563958704454]","[0.0070858410923611, -0.3663316776002121]"
08 11 15 2 40 30.0000000,"[-0.3841814900437991, -0.38977533932775277]","[0.208549017024537, 0.33423927587767466]","[-0.04919650206963222, 0.3985025550549228]","[0.978257934049684, 0.5282255213479612]","[1.090909637361765, -0.04365968525409869]",,,"[0.14639032327880463, 0.22438042679180703]",,,"[0.6579086269872882, 0.4467388663440941]","[0.461038958224548, 0.43462935490959165]"
08 11 15 2 41 0.0000000,"[-0.13141781638065975, -0.7072929924353959]","[-0.03539701371143256, 0.11062057477732523]","[-0.062070956329504656, 0.5281260277455051]","[1.1071690865317168, 0.6400008748988721]","[0.5086699201166631, -0.3691838812828081]",,,"[0.13181684607019029, 0.15963568606724343]",,,"[0.15289770175392414, 0.2574003312736748]","[0.13202933588911403, 0.5193916599308777]"
08 11 15 2 41 30.0000000,"[0.1803191026051839, -0.21464516576379555]","[-0.6424384620661536, -0.16046269076565878]","[0.1654481013615926, 0.3105182464544971]","[0.20403170068653242, 0.7365595947723005]","[0.3319742156565191, 0.3426849412918074]",,,"[0.2023395642017325, 0.18104549565662942]",,,"[-0.19472569118564342, -0.006569730862975298]","[-0.06063585361550938, 0.6352100710427093]"
08 11 15 2 42 0.0000000,"[0.3902415429552396, -0.25577630456537026]","[-0.9833190646643439, -0.6058950855086245]","[0.3376295064886411, 0.017564531726141697]","[-0.49559622029868944, -0.49071345219806695]","[0.09377806618809714, 0.5119762587547285]",,,"[-0.05740473723659911, -0.2036227055514852]",,,"[-0.4737901378733418, 0.11346798874437791]","[-0.34673922142099034, 0.3958117703949737]"
08 11 15 2 42 30.0000000,"[0.36569607456525166, 0.1859538668766616]","[-0.4992025551075736, -0.9614061697075762]","[0.3049548809727033, 0.29487912015368534]","[-0.9685838870248018, -0.5530107368011858]","[0.024885959774255895, 0.5527755635976774]",,,"[-0.05895258790502944, 0.10798803785194955]",,,"[0.044056655062983285, -0.0027001377195121634]","[0.043708737882865556, -0.7953596522057724]"
08 11 15 2 43 0.0000000,"[0.17764119257529576, 0.09903825465589744]","[-0.4714759048695365, -0.5458326472590365]","[0.35724275012811024, 0.10407596485068393]","[-1.6557072005709825, -0.12467839310363793]","[-0.6293001995980738, 0.394512982964514]",,,"[-0.14729909903059402, 0.11876963892330727]",,,"[0.0677816059129932, 0.2871929083019493]","[-0.08621043345044743, -1.411938544079132]"
08 11 15 2 43 30.0000000,"[0.24706440617640812, 0.5694208854809402]","[-0.00394265918682013, -0.5418921394894518]","[0.28331969877084096, 0.22366323725630832]","[-1.7403356782635866, 0.30195351948543525]","[-1.2853726224601267, 0.12906785488128492]",,,"[-0.1274244517708818, -0.30386000058303275]",,,"[0.005618036879847299, 0.6313411269336937]","[-0.1937525459201206, -0.6941825111354065]"
08 11 15 2 44 0.0000000,"[0.20560497989257176, 0.25478134695440513]","[0.4189104977374276, 0.559350253765782]","[-0.09072641084591548, 0.44938812808444095]","[-0.937137579127234, 0.36707196643157936]","[-0.02060852214694009, -0.08463682055473498]",,,"[0.10196266019095979, -0.08016619763026633]",,,"[0.05988049615795399, 0.11742818094789964]","[0.37714165070940364, -0.17465209560043338]"
08 11 15 2 44 30.0000000,"[-0.15637364039818447, -0.03925909455865639]","[0.6333966496710977, 0.6102756725003324]","[0.2767711897691091, 0.019349720639487034]","[-1.213010331197661, 0.8529152970532987]","[0.6303612364828588, -0.6476360094547289]",,,"[-0.01366985893497863, 0.3607794872795542]",,,"[0.06494651843483235, -0.9270842846482994]","[-0.10482174536298405, 0.1965938399588394]"
08 11 15 2 45 0.0000000,"[-0.06236889759699504, 0.020720940269529642]","[0.5803190264229974, 0.51916575593253]","[0.42557013233502705, 0.1451125259821613]","[-0.8149942509373842, 0.5129602353791807]","[0.137947983890772, -1.6633753609657305]",,,"[0.2619543864702185, 0.4478413841997584]",,,"[0.028055110170195352, -0.676347064599395]","[0.3266477845041882, 0.1743326674258041]"
08 11 15 2 45 30.0000000,"[0.5503990223010381, -0.4998032039031388]","[-0.030207326697806458, 0.6128049807002149]","[0.0460475926597913, -0.0068264339740078395]","[0.4153464086809935, -0.29908189664081597]","[0.23873650267720237, -1.298667742013933]",,,"[-0.18216927653799453, 0.19244719364990792]",,,"[0.43328008909399296, 0.06356902159750444]","[0.6467595360605847, -0.2899961431468201]"
08 11 15 2 46 0.0000000,"[0.6552451049288114, -0.21763615664094704]","[-0.44476125209281836, 0.614279972140988]","[0.3353786786397298, -0.3253656063849728]","[0.519185776309091, 0.2370587687711332]","[0.48251288369297995, -0.550778148770334]",,,"[-0.16333764350662627, 0.3665407977377375]",,,"[0.20455528159315373, 0.5218153718858956]","[0.44781115272928584, -0.6085087616885376]"
08 11 15 2 46 30.0000000,"[0.32788027276595433, 0.15289185587316734]","[0.15023680956413354, 0.14182071549197062]","[0.25934473623832066, 0.08690713004519535]","[0.0819868840733351, 0.6696127902488325]","[0.6959204895794393, 0.12078990221023389]",,,"[-0.16298307782659927, 0.41482336142410836]",,,"[0.3301141272919872, 0.43354961015284044]","[-0.03733531018804204, -0.6350345720494461]"
08 11 15 2 47 0.0000000,"[-0.4627521688739459, 0.3648277932777999]","[0.15683882863571252, 0.5642762647320829]","[0.09368769278128941, -0.17128369553635525]","[0.023153746918755935, -0.4451369840879824]","[0.7634743823111059, -0.6637596917152422]",,,"[0.17624951594819627, -0.1199398853505651]",,,"[0.46000333984071995, 0.061923769488930525]","[-1.0115646608741153, -0.5451303978408051]"
08 11 15 2 47 30.0000000,"[-0.40304942230383556, 0.49380077067762596]","[0.2614277246718606, -0.01710909443596975]","[-0.05678389767805736, -0.048927817183236355]","[-0.10934982220737322, -0.9618309188862231]","[0.8519211484491827, -0.551533086299898]",,,"[0.23323366486777863, -0.08476035973678031]",,,"[-0.13192844282214855, -0.024321022257209002]","[-0.6021954306037296, -0.24030445115215304]"
08 11 15 2 48 0.0000000,"[0.056988844772179914, 0.27875092271715385]","[-0.3299276885266105, 0.32303665739794596]","[0.44183941384156544, 0.12206849114348484]","[-0.02660115580169542, -0.2536418486614611]","[0.7926989568769933, -0.17392690300941638]",,"[15.880723690707237, 21.052887239679695]","[0.19747770273437104, 0.2783450714622935]",,,"[-0.179900995300462, 0.3627159271389244]","[0.0371802858441006, 0.24709977610462186]"
08 11 15 2 48 30.0000000,"[-0.2737339342633883, 0.24818956498056632]","[-0.35693456797550116, 0.2047596142937742]","[0.15096307744582493, 0.3834538425629337]","[-0.7631102107009111, 0.5346948753814313]","[0.6667527480423452, 0.6092175412178022]",,"[18.122421017009763, 24.230208494886757]","[0.1438506513213118, 0.07445132055630288]",,,"[0.5571101020711162, 0.45868706442415697]","[0.11513685801912654, 0.2833710054909515]"
08 11 15 2 49 0.0000000,"[0.19376132090886433, 0.12021927181631309]","[-0.10608004598567877, 0.39455682200690134]","[0.46264149447282155, -0.07168409569809842]","[-0.059913163586538865, -0.27542087922290825]","[0.05399567618966117, 0.6922558712959272]",,"[17.398459365684538, 25.190927782282234]","[-0.06993282890568175, 0.048330389646192407]",,,"[0.43507512022430683, 0.26474183537065965]","[-0.1085152216822971, 1.3492993007456588]"
08 11 15 2 49 30.0000000,"[-0.007772592703501391, -0.08775483425706643]","[0.3589509967093667, 0.534542845313748]","[0.4745752011736234, -0.02442083104203152]","[0.20239304979236739, -0.4576342005510714]","[0.046566836386919164, 0.8768847155570967]",,"[21.445222532469778, 27.93577780686319]","[0.1451730921243628, -0.06249073824534812]",,,"[0.27474738021070744, -0.10418753586709517]","[-0.369257170763718, 0.8775434087073135]"
08 11 15 2 50 0.0000000,"[0.10149599810441334, -0.05152997728437203]","[0.027972662759323974, 0.7006064073493086]","[0.19227493753035863, 0.12042067603518558]","[0.43011263986023085, -0.4473437417526629]","[0.28503584101796164, 0.3545160609483702]",,"[21.596785744745283, 29.010268726572395]","[0.2009112879013022, -0.23169227621207633]",,,"[0.5453939672249057, 0.10629066564142686]","[-0.07927804073403966, 0.4814052025830078]"
08 11 15 2 50 30.0000000,"[0.37195683469374974, -0.2654963618144395]","[-0.5271614250416556, 0.5729620770861708]","[-0.1241344119111697, 0.42886387960364414]","[0.8027971484223189, -0.9406211722870257]","[-0.07828124627470956, 0.10097880840301343]",,"[20.509516468364744, 25.681578644737602]","[0.21326736801614365, -0.15886489233622947]",,,"[-0.05086569379394268, -0.022134217247367083]","[0.046894025000823625, 0.25038727028720853]"
08 11 15 2 51 0.0000000,"[0.35996967007716496, -0.13280289229005593]","[-0.4614111688608924, 0.31315671068926676]","[-0.12008084158102672, 0.4545536603157718]","[0.5561352320471586, -1.4229126770277407]","[-0.32279395326971994, 0.430195795297621]",,"[21.216538658458738, 26.778167718276382]","[0.03400753879298768, 0.07980328121532998]",,,"[0.13287047405416752, 0.04187342263758165]","[-0.11977760871957432, 0.3416724841152954]"
08 11 15 2 51 30.0000000,"[-0.11669355432192485, -0.06968938168138283]","[-0.37957719533393774, -0.10940095620850698]","[-0.002349642912546801, 0.4788760359709461]","[0.16134650488289015, -0.19209562728599572]","[-0.38874775931239114, 0.5574651974439604]",,"[19.48789622457698, 26.13473343215883]","[0.3674279495452841, -0.26335667750487723]",,,"[0.10467671711618687, 0.5373044881969689]","[0.4179972223370205, -0.17485589878208163]"
08 11 15 2 52 0.0000000,"[-0.29378677705923717, 0.10828148964792472]","[0.31908521981288995, 0.15443971914549692]","[0.0861486588915189, 0.41625763134409977]","[0.2718295254269423, -0.3801651198645022]","[-0.6535383836925028, 0.36196310997009107]",,"[18.477193346340208, 26.940807589516044]","[0.32158463144054017, 0.004415952352186059]",,,"[-0.016981459067513693, 0.09716076888143999]","[0.08777272323061336, 0.4410347382580566]"
08 11 15 2 52 30.0000000,"[-0.1062077487508456, 0.21540352348238212]","[0.7017938885216912, -0.1563730223725237]","[0.33185409208138783, 0.2037185694401462]","[-0.02923906366435869, -0.24224676678375268]","[-0.5445377604663371, 0.20519554793834516]",,,"[0.5415075018381079, 0.4260099313532313]",,,"[-0.03776894401138042, 0.1228490147739647]","[-0.05052438756536137, -0.3068091233218384]"
08 11 15 2 53 0.0000000,"[-0.4734841863314311, 0.11250421050935966]","[0.7671564164881906, -0.45559368866185324]","[0.21324933518966038, 0.2598832364504535]","[-0.5973771117171465, 0.3403183322171781]","[0.3157514406740667, -0.13382611989975146]",,,"[0.4464770599578818, 0.10412507572521768]",,,"[-0.046723014519860495, 0.22249215580522996]","[0.04845884064127315, -0.714551221295662]"
08 11 15 2 53 30.0000000,"[-0.7115887756148974, 0.33805678430944663]","[0.25718247325470056, -0.46362754541138784]","[0.06493500073750813, 0.16175508157660556]","[0.22896232684047835, 0.9924814056377027]","[-0.11233433350920663, 0.4628574717044813]",,,"[0.2907046272729834, 0.33132822134842477]",,,"[0.4296479310529926, 0.27898552753031236]","[-0.35871206602166783, -0.07502689556724551]"
08 11 15 2 54 0.0000000,"[-0.6597310135761897, 0.2189228052273391]","[0.18885978491355981, 0.16398891968031748]","[0.38424257387717564, -0.33275530083725857]","[0.9282379694739165, 0.09424547364517188]","[0.34588112667202964, 0.14586861610412427]",,,"[0.1882411434625586, 0.24617872455467782]",,,"[-0.284862055288007, 0.6507974985986946]","[-0.5376002975375522, 0.0034588317429351534]"
08 11 15 2 54 30.0000000,"[-0.13162846664587657, 0.148406591452658]","[0.23010572226097192, 0.14347215158243998]","[0.13104964991410573, -0.2114401344830792]","[1.304351324633676, 0.6753017406682584]","[0.12386663988232627, 0.3214979189634306]",,,"[0.4909947186087569, 0.24206741967548928]",,,"[-0.04300781975810741, 0.8135077629238365]","[-0.35842956980775487, -0.35388838843948367]"
08 11 15 2 55 0.0000000,"[-0.3405371511975924, -0.25526893492788094]","[0.4917106571917733, 0.417720021431645]","[0.4833833893140157, -0.5615186874444287]","[0.2592930444041075, 0.6323068689326856]","[0.40428859725594535, -0.23108146905899218]",,,"[0.2636258497213324, 0.36803127148499093]",,,"[0.0690708618300655, 0.4876587960869072]","[-0.9105908312470783, 0.009020138815574619]"
08 11 15 2 55 30.0000000,"[-0.6502180526653926, -0.48990382608026284]","[0.15008751483013238, 0.35823171002169474]","[-0.10810388425985973, -0.3856421892220776]","[0.19118467946441786, 0.042058984539947275]","[-0.04772660896182046, -0.4171795082092302]",,,"[0.09002065354337296, 0.4973658255611857]",,,"[0.44429862607891346, 0.16276573874056322]","[-0.43042470892976414, 0.26031531794422147]"
08 11 15 2 56 0.0000000,"[-0.5202291662494342, -0.947533983550966]","[0.11117809445907678, 0.40287958246966227]","[-0.6755645404259364, 0.24126821414877964]","[0.24797959108741896, 0.06444410493179298]","[0.021147362738847875, -0.10907120823860339]",,,"[0.08028078520049653, 0.2871743372951945]",,,"[0.3651373471754291, -0.14057661853730696]","[0.3858269415228497, 0.1554452071940231]"
08 11 15 2 56 30.0000000,"[-0.1923678050438563, -0.5866424476727845]","[-0.24461918144176398, -0.27085137205819265]","[0.1963626389702161, 0.6615372713034351]","[-0.03449568669406755, 0.8456719320039365]","[0.123864389806986, 0.6383480149507506]",,,"[0.0656469582890471, 0.018603929070134972]",,,"[0.20426937301332737, 0.07020529843866807]","[0.5184004119961392, 0.5143218825613785]"
08 11 15 2 57 0.0000000,"[0.14533618291219075, -0.3402120953425767]","[0.1210449132447442, -0.7744495107481875]","[0.47205617477496464, 0.440571781558295]","[-0.43844640771953447, 0.4718883584956739]","[0.2659374846518041, 0.1930284070968611]",,,"[-0.06415991044292846, 0.21823858538021645]",,,"[0.8250034909384945, 0.7111018124967812]","[0.6244364044993054, 0.621579606369667]"
08 11 15 2 57 30.0000000,"[-0.12852632800738018, -0.23534700628370064]","[0.4052006843810281, -1.0814078434060015]","[0.39781198849280675, 0.1593380834286411]","[-0.43180089215843065, 0.6370143245677564]","[-0.4299015925824641, 0.34169803738593885]",,,"[-0.036965246560672904, 0.05538979986061654]",,,"[0.47195896614963795, 0.5330760154873131]","[0.2827780059902798, -0.09617520467884066]"
08 11 15 2 58 0.0000000,"[0.18601919164260228, -0.018652055226266562]","[-0.1387815233940879, -0.0942031724999346]","[0.2039736529191335, 0.23779853836943698]","[-0.4189927778681932, 1.002391109965286]","[-0.3522899971902369, -0.00042240142822436155]",,,"[0.13152894073476395, -0.18297453901420035]",,,"[0.5942929546969631, 0.2771759752184151]","[0.004255633744491227, -0.6579284478867722]"
08 11 15 2 58 30.0000000,"[0.3299402912457784, -0.19666812177747506]","[-0.3782820460076133, -0.29888756411770956]","[0.04527986993392308, 0.2128659005587299]","[0.1791596957007231, -0.4173546184082415]","[-0.3457713352143763, -0.1901600492000597]",,,"[-0.17742014980564513, 0.1585584215198954]",,,"[0.05770115662987019, -0.05955568216741103]","[-0.15808803221295964, -0.30138121144420627]"
08 11 15 2 59 0.0000000,"[0.613775031765302, 0.4988754803314803]","[-0.5269063916678229, -0.023183850819865626]","[-0.2357965166370074, 0.23524845795085025]","[0.22173620243461745, -1.2205916691799548]","[-0.15301274523138986, 0.4386054593324644]",,,"[-0.272682297291855, 0.19802352109303079]",,,"[-0.06446351002280926, -0.015916037186980425]","[-0.04835215589116704, 0.5239167104517746]"
08 11 15 2 59 30.0000000,"[0.05103749235471089, 0.5725135171785949]","[0.27811395556976404, 0.05735640389223917]","[-0.11940323362747829, 0.4987165893738468]","[0.28704621870906966, -0.5021957058687594]","[0.23124522700905814, 0.6154885607957823]",,,"[-0.3318675190831224, 0.22195249119152627]",,,"[0.10887732465441013, -0.3940787937492134]","[0.708123873862518, 0.5884875844275284]"
08 11 15 3 0 0.0000000,"[-0.04629222104946773, 0.4761946463957427]","[0.08325974078228082, 0.09385459286471232]","[0.2837274764974912, 0.7612849737827976]","[-0.28757234434692247, -0.4655726451654818]","[-0.17705341443419442, 0.58661490857601]",,,"[-0.056073072614769126, 0.3502626351391276]",,,"[0.4835036780374744, -0.20105505250394362]","[0.5986946932404171, 0.7456295679365921]"
